Rk,Player,Age,Tm,Pos,GP,G,A,PTS,+/-,PIM,PS,EV,PP,SH,GW,EV,PP,SH,S,S%,TOI,ATOI,BLK,HIT,FOW,FOL,FO%,-9999
1,Noel Acciari,31,STL,C,1,0,0,0,-1,0,-0.1,0,0,0,0,0,0,0,0,,12,12:05,0,6,6,3,66.7,acciano01
2,Calen Addison,22,MIN,D,3,0,4,4,-5,0,0.0,0,0,0,0,1,3,0,5,0.0,56,18:40,1,0,0,0,,addisca01
3,Sebastian Aho,25,CAR,F,3,2,2,4,2,2,0.5,1,1,0,2,1,1,0,9,22.2,55,18:27,2,1,27,28,49.1,ahose01
4,Wade Allison,25,PHI,RW,2,1,0,1,1,2,0.1,1,0,0,0,0,0,0,5,20.0,30,15:12,1,3,0,1,0.0,alliswa01
5,Michael Amadio,26,VEG,C,1,0,0,0,-1,0,0.0,0,0,0,0,0,0,0,1,0.0,10,9:46,0,2,0,0,,amadimi01
6,Nils Aman,22,VAN,C,3,0,0,0,0,0,-0.1,0,0,0,0,0,0,0,1,0.0,38,12:33,1,4,10,10,50.0,amanni01
7,Josh Anderson,28,MTL,RW,4,1,0,1,1,2,0.2,1,0,0,1,0,0,0,5,20.0,63,15:38,3,9,5,1,83.3,anderjo05
8,Michael Anderson,23,LAK,D,4,0,2,2,0,2,0.1,0,0,0,0,2,0,0,7,0.0,84,21:03,6,5,0,0,,andermi02
9,Rasmus Andersson,26,CGY,D,2,1,1,2,1,4,0.3,1,0,0,0,0,1,0,3,33.3,47,23:21,3,2,0,0,,anderra01
10,Mason Appleton,27,WPG,C,2,0,0,0,0,0,0.0,0,0,0,0,0,0,0,1,0.0,31,15:44,0,1,0,0,,applema01
11,Josh Archibald,30,PIT,RW,3,0,0,0,0,0,-0.1,0,0,0,0,0,0,0,6,0.0,30,10:02,1,13,0,0,,archijo01
12,Viktor Arvidsson,29,LAK,LW,3,0,0,0,-2,2,-0.2,0,0,0,0,0,0,0,5,0.0,51,16:57,3,0,1,1,50.0,arvidvi01
13,Rasmus Asplund,25,BUF,F,2,0,0,0,2,0,0.0,0,0,0,0,0,0,0,2,0.0,27,13:35,0,1,5,10,33.3,asplura01
14,Zach Aston-Reese,28,TOR,C,4,0,0,0,-2,0,-0.1,0,0,0,0,0,0,0,2,0.0,38,9:26,1,8,1,0,100.0,astonza01
15,Andreas Athanasiou,28,CHI,C,3,0,1,1,-1,12,0.0,0,0,0,0,0,1,0,5,0.0,49,16:16,2,1,1,3,25.0,athanan01
16,Nicolas Aube-Kubel,26,TOR,RW,4,0,0,0,-2,4,-0.1,0,0,0,0,0,0,0,1,0.0,38,9:24,1,19,0,0,,aubekni01
17,Mikael Backlund,33,CGY,C,2,1,0,1,-2,2,0.1,1,0,0,0,0,0,0,9,11.1,35,17:37,0,2,20,15,57.1,backlmi01
18,Josh Bailey,33,NYI,C,2,0,0,0,0,0,0.0,0,0,0,0,0,0,0,3,0.0,30,15:08,1,0,0,0,,bailejo01
19,Rudolfs Balcers,25,FLA,LW,3,0,1,1,-2,2,0.0,0,0,0,0,1,0,0,5,0.0,38,12:40,2,2,0,0,,balceru01
20,Ivan Barbashev,27,STL,C,1,1,0,1,2,0,0.2,1,0,0,1,0,0,0,2,50.0,16,15:49,1,1,0,0,,barbaiv01
21,Aleksander Barkov,27,FLA,C,3,0,2,2,-2,0,0.0,0,0,0,0,0,2,0,8,0.0,66,22:01,1,0,37,46,44.6,barkoal01
22,Tyson Barrie,31,EDM,D,2,0,1,1,0,0,0.1,0,0,0,0,0,1,0,2,0.0,41,20:45,1,3,0,0,,barrity01
23,Morgan Barron,24,WPG,C,2,0,0,0,0,2,0.0,0,0,0,0,0,0,0,5,0.0,28,13:45,1,2,1,0,100.0,barromo01
24,Mathew Barzal,25,NYI,C,2,0,3,3,1,2,0.2,0,0,0,0,2,1,0,7,0.0,37,18:42,0,0,4,10,28.6,barzama01
25,Nathan Bastian,25,NJD,RW,1,0,0,0,0,2,0.0,0,0,0,0,0,0,0,1,0.0,8,8:25,0,1,0,1,0.0,bastina01
26,Drake Batherson,24,OTT,C,2,0,1,1,-2,0,0.0,0,0,0,0,1,0,0,3,0.0,39,19:22,0,3,0,1,0.0,bathedr01
27,Jake Bean,24,CBJ,D,3,0,0,0,-2,0,0.0,0,0,0,0,0,0,0,4,0.0,47,15:31,4,2,0,0,,beanja01
28,Nathan Beaulieu,30,ANA,D,1,0,0,0,-1,0,-0.1,0,0,0,0,0,0,0,0,,13,13:06,5,1,0,0,,beaulna01
29,Anthony Beauvillier,25,NYI,LW,2,1,1,2,1,0,0.2,1,0,0,0,1,0,0,3,33.3,35,17:37,1,2,0,0,,beauvan01
30,Pierre-Edouard Bellemare,37,TBL,LW,3,0,0,0,-3,0,-0.1,0,0,0,0,0,0,0,0,,36,11:51,0,1,10,17,37.0,bellepi01
31,Kieffer Bellows,24,NYI,LW,1,0,0,0,-1,0,0.0,0,0,0,0,0,0,0,0,,7,7:16,0,3,0,0,,belloki01
32,Matthew Beniers,20,SEA,C,4,1,3,4,-2,0,0.3,1,0,0,0,2,1,0,9,11.1,71,17:38,4,3,22,28,44.0,beniema01
33,Jamie Benn,33,DAL,LW,3,0,0,0,0,2,-0.1,0,0,0,0,0,0,0,2,0.0,41,13:39,0,2,19,7,73.1,bennja01
34,Sam Bennett,26,FLA,C,3,1,1,2,-4,2,0.1,1,0,0,0,1,0,0,8,12.5,55,18:25,2,4,17,28,37.8,bennesa01
35,Matt Benning,28,SJS,D,4,0,0,0,-5,6,-0.1,0,0,0,0,0,0,0,4,0.0,72,17:59,4,7,0,0,,bennima01
36,Simon Benoit,24,ANA,D,1,0,0,0,-1,0,-0.1,0,0,0,0,0,0,0,1,0.0,14,14:24,1,1,0,0,,benoisi01
37,Patrice Bergeron,37,BOS,C,3,2,1,3,5,0,0.5,1,1,0,0,1,0,0,8,25.0,56,18:36,5,5,48,27,64.0,bergepa01
38,Tyler Bertuzzi,27,DET,LW,2,0,1,1,1,0,0.1,0,0,0,0,1,0,0,4,0.0,27,13:38,1,3,0,0,,bertuty01
39,Oliver Bjorkstrand,27,SEA,RW,4,1,1,2,1,0,0.2,0,1,0,0,1,0,0,18,5.6,76,19:06,1,2,0,0,,bjorkol01
40,Nick Bjugstad,30,ARI,C,3,0,2,2,1,0,0.2,0,0,0,0,2,0,0,6,0.0,47,15:44,2,10,24,24,50.0,bjugsni01
41,Colin Blackwell,29,CHI,C,3,0,0,0,-1,0,-0.1,0,0,0,0,0,0,0,2,0.0,34,11:26,2,2,1,2,33.3,blackco01
42,Sammy Blais,26,NYR,LW,1,0,0,0,0,0,0.0,0,0,0,0,0,0,0,3,0.0,14,13:34,0,3,0,0,,blaissa01
43,Brock Boeser,25,VAN,RW,3,0,3,3,-3,4,0.0,0,0,0,0,3,0,0,2,0.0,51,16:55,2,0,1,1,50.0,boesebr01
44,Matt Boldy,21,MIN,LW,3,2,3,5,1,0,0.5,2,0,0,0,1,2,0,6,33.3,58,19:23,1,6,1,3,25.0,boldyma01
45,Nick Bonino,34,SJS,C,4,0,0,0,-3,2,-0.1,0,0,0,0,0,0,0,5,0.0,66,16:29,6,3,25,24,51.0,boninni01
46,Adam Boqvist,22,CBJ,D,3,0,0,0,0,0,0.1,0,0,0,0,0,0,0,2,0.0,50,16:48,3,0,0,0,,boqviad01
47,Jesper Boqvist,24,NJD,C,1,0,0,0,-1,0,0.0,0,0,0,0,0,0,0,1,0.0,11,10:59,2,2,6,4,60.0,boqvije01
48,William Borgen,26,SEA,D,4,0,1,1,-2,7,0.0,0,0,0,0,1,0,0,3,0.0,60,15:01,4,6,0,0,,borgewi01
49,Mark Borowiecki,33,NSH,D,2,0,0,0,1,5,0.1,0,0,0,0,0,0,0,1,0.0,23,11:31,0,5,0,0,,borowma01
50,Robert Bortuzzo,33,STL,D,1,0,0,0,0,2,0.0,0,0,0,0,0,0,0,1,0.0,13,13:24,1,2,0,0,,borturo01
51,Evan Bouchard,23,EDM,D,2,0,0,0,-4,0,-0.2,0,0,0,0,0,0,0,4,0.0,32,15:56,0,8,0,0,,bouchev01
52,Travis Boyd,29,ARI,C,3,0,1,1,-3,2,-0.1,0,0,0,0,0,1,0,4,0.0,56,18:40,2,3,21,38,35.6,boydtr01
53,Erik Brannstrom,23,OTT,D,2,0,1,1,-1,0,0.1,0,0,0,0,1,0,0,3,0.0,34,16:59,2,0,0,0,,branner01
54,Jesper Bratt,24,NJD,W,2,0,3,3,-1,2,0.2,0,0,0,0,2,1,0,5,0.0,34,17:04,0,0,0,0,,brattje01
55,Justin Braun,35,PHI,D,2,0,0,0,0,2,0.0,0,0,0,0,0,0,0,2,0.0,35,17:40,3,1,0,0,,braunju01
56,T.J. Brodie,32,TOR,D,4,0,1,1,-2,2,0.1,0,0,0,0,1,0,0,6,0.0,82,20:26,6,4,0,0,,broditj01
57,Jonas Brodin,29,MIN,D,3,0,1,1,-6,6,-0.3,0,0,0,0,1,0,0,2,0.0,60,20:00,2,3,0,0,,brodijo01
58,Connor Brown,29,WSH,RW,4,0,0,0,-3,0,-0.2,0,0,0,0,0,0,0,2,0.0,67,16:46,1,6,2,3,40.0,brownco02
59,Josh Brown,29,ARI,D,3,1,0,1,1,2,0.3,1,0,0,0,0,0,0,3,33.3,59,19:35,9,9,0,0,,brownjo01
60,Jacob Bryson,25,BUF,D,2,0,0,0,-1,2,-0.1,0,0,0,0,0,0,0,0,,25,12:40,3,0,0,0,,brysoja01
61,Pavel Buchnevich,27,STL,LW,1,1,1,2,3,0,0.3,0,1,0,0,1,0,0,4,25.0,19,18:50,0,1,0,0,,buchnpa01
62,Michael Bunting,27,TOR,LW,4,1,1,2,0,2,0.2,1,0,0,0,1,0,0,7,14.3,61,15:18,0,5,1,0,100.0,buntimi01
63,Andre Burakovsky,27,SEA,LW,4,2,3,5,-3,2,0.4,0,2,0,0,1,2,0,10,20.0,62,15:25,0,3,0,1,0.0,burakan01
64,Brent Burns,37,CAR,D,3,0,1,1,1,0,0.2,0,0,0,0,0,1,0,12,0.0,69,22:57,0,2,0,0,,burnsbr01
65,Kyle Burroughs,27,VAN,D,3,1,0,1,0,5,0.1,1,0,0,0,0,0,0,8,12.5,56,18:39,3,7,0,0,,burroky01
66,Quinton Byfield,20,LAK,C,4,0,2,2,3,2,0.1,0,0,0,0,2,0,0,3,0.0,50,12:36,0,1,18,21,46.2,byfiequ01
67,Bowen Byram,21,COL,D,3,1,0,1,2,0,0.2,1,0,0,0,0,0,0,4,25.0,56,18:43,4,2,0,0,,byrambo01
68,Brandon Carlo,26,BOS,D,2,0,0,0,1,4,0.0,0,0,0,0,0,0,0,2,0.0,26,12:45,3,6,0,0,,carlobr01
69,John Carlson,33,WSH,D,4,1,1,2,-1,2,0.3,1,0,0,0,0,1,0,8,12.5,96,24:06,10,11,0,0,,carlsjo01
70,Ryan Carpenter,32,NYR,C,3,0,1,1,-1,2,0.0,0,0,0,0,1,0,0,2,0.0,26,8:31,0,6,8,4,66.7,carpery01
71,Alexandre Carrier,26,NSH,D,4,0,0,0,0,2,0.1,0,0,0,0,0,0,0,5,0.0,72,18:07,5,5,0,0,,carrial01
72,William Carrier,28,VEG,LW,2,0,1,1,0,0,0.1,0,0,0,0,1,0,0,6,0.0,21,10:45,2,4,0,0,,carriwi01
73,Jeff Carter,38,PIT,C,3,1,2,3,1,2,0.2,1,0,0,0,1,1,0,8,12.5,47,15:42,3,3,27,17,61.4,carteje01
74,Jackson Cates,25,PHI,C,1,0,0,0,0,0,0.0,0,0,0,0,0,0,0,1,0.0,7,6:59,1,1,1,3,25.0,catesja01
75,Noah Cates,23,PHI,LW,2,0,0,0,1,0,0.0,0,0,0,0,0,0,0,2,0.0,39,19:37,2,4,15,26,36.6,catesno01
76,Cole Caufield,22,MTL,RW,4,3,1,4,-1,0,0.5,3,0,0,0,1,0,0,16,18.8,73,18:21,1,3,0,0,,caufico01
77,Cody Ceci,29,EDM,D,2,1,0,1,3,0,0.4,1,0,0,0,0,0,0,3,33.3,47,23:32,4,2,0,0,,cecico01
78,Erik Cernak,25,TBL,D,3,0,0,0,-1,2,0.0,0,0,0,0,0,0,0,1,0.0,60,20:01,4,5,0,0,,cernaer01
79,Thomas Chabot,26,OTT,D,2,0,1,1,-3,4,0.0,0,0,0,0,1,0,0,6,0.0,51,25:38,6,3,0,0,,chaboth01
80,Jalen Chatfield,26,CAR,D,3,0,0,0,-1,5,0.0,0,0,0,0,0,0,0,6,0.0,40,13:14,2,4,0,0,,chatfja01
81,Ben Chiarot,31,DET,D,3,1,1,2,1,2,0.3,1,0,0,0,1,0,0,6,16.7,60,19:56,5,7,0,0,,chiarbe01
82,Yegor Chinakhov,21,CBJ,RW,3,0,0,0,-5,0,-0.2,0,0,0,0,0,0,0,2,0.0,43,14:18,2,4,0,1,0.0,chinaye01
83,Filip Chytil,23,NYR,C,4,1,1,2,2,6,0.2,1,0,0,1,1,0,0,6,16.7,59,14:38,4,6,25,20,55.6,chytifi01
84,Casey Cizikas,31,NYI,C,2,0,0,0,0,0,0.0,0,0,0,0,0,0,0,2,0.0,25,12:34,2,5,15,6,71.4,cizikca01
85,Brandt Clarke,19,LAK,D,3,0,0,0,1,2,0.0,0,0,0,0,0,0,0,3,0.0,39,12:50,2,0,0,0,,clarkbr02
86,Connor Clifton,27,BOS,D,3,0,4,4,5,0,0.6,0,0,0,0,4,0,0,7,0.0,72,23:54,6,9,0,0,,cliftco01
87,Cal Clutterbuck,35,NYI,RW,1,0,0,0,1,0,0.0,0,0,0,0,0,0,0,3,0.0,12,12:03,0,4,0,0,,cluttca01
88,Dylan Coghlan,24,CAR,D,1,0,0,0,0,2,0.0,0,0,0,0,0,0,0,0,,15,14:59,1,2,0,0,,coghldy01
89,Andrew Cogliano,35,COL,LW,3,1,1,2,2,0,0.2,1,0,0,0,1,0,0,6,16.7,39,13:00,2,1,0,1,0.0,coglian01
90,Blake Coleman,31,CGY,C,2,0,1,1,-1,2,0.0,0,0,0,0,1,0,0,3,0.0,27,13:22,4,6,1,0,100.0,colembl01
91,Ross Colton,26,TBL,C,3,1,1,2,1,2,0.2,1,0,0,1,1,0,0,6,16.7,34,11:22,2,9,5,6,45.5,coltoro01
92,J.T. Compher,27,COL,LW,3,0,1,1,2,0,0.1,0,0,0,0,1,0,0,3,0.0,49,16:22,3,3,22,26,45.8,comphj.01
93,Max Comtois,24,ANA,LW,3,1,0,1,-1,7,0.0,1,0,0,0,0,0,0,3,33.3,40,13:28,0,8,1,0,100.0,comtoma01
94,Kyle Connor,26,WPG,LW,2,1,1,2,1,0,0.2,1,0,0,0,1,0,0,7,14.3,41,20:31,1,3,0,0,,connoky01
95,Andrew Copp,28,DET,C,3,0,2,2,2,0,0.1,0,0,0,0,2,0,0,0,,54,18:06,2,2,15,34,30.6,coppan01
96,Paul Cotter,23,VEG,C,3,1,0,1,2,4,0.2,1,0,0,1,0,0,0,6,16.7,40,13:24,1,7,0,0,,cottepa01
97,Nick Cousins,29,FLA,C,3,0,0,0,0,2,0.0,0,0,0,0,0,0,0,3,0.0,23,7:48,0,3,6,7,46.2,cousini01
98,Logan Couture,33,SJS,C,4,1,1,2,-4,0,0.1,1,0,0,0,1,0,0,8,12.5,76,18:58,4,3,46,36,56.1,coutulo01
99,Charlie Coyle,30,BOS,C,3,1,1,2,3,2,0.2,1,0,0,0,1,0,0,2,50.0,52,17:16,4,4,18,14,56.3,coylech01
100,Dylan Cozens,21,BUF,C,2,0,1,1,0,2,0.0,0,0,0,0,1,0,0,6,0.0,33,16:24,1,2,14,15,48.3,cozendy01
101,Sidney Crosby,35,PIT,C,3,2,4,6,1,2,0.5,2,0,0,0,1,3,0,10,20.0,57,18:52,0,3,22,22,50.0,crosbsi01
102,Lawson Crouse,25,ARI,LW,3,1,0,1,-2,0,0.1,1,0,0,0,0,0,0,6,16.7,45,15:04,1,6,0,0,,crousla01
103,Kirby Dach,22,MTL,C,4,1,1,2,0,2,0.2,0,1,0,1,1,0,0,7,14.3,62,15:33,1,2,5,13,27.8,dachki01
104,Evgenii Dadonov,33,MTL,RW,4,0,0,0,-3,0,-0.1,0,0,0,0,0,0,0,5,0.0,53,13:19,0,1,1,1,50.0,dadonev01
105,Rasmus Dahlin,22,BUF,D,2,2,1,3,3,2,0.6,2,0,0,1,1,0,0,8,25.0,50,25:03,3,2,0,0,,dahlira01
106,Phillip Danault,29,LAK,C,4,2,0,2,-2,2,0.1,2,0,0,1,0,0,0,8,25.0,80,19:56,5,6,39,28,58.2,danauph01
107,Justin Danforth,29,CBJ,RW,3,0,1,1,-4,4,-0.1,0,0,0,0,1,0,0,6,0.0,50,16:43,1,5,3,7,30.0,danfoju01
108,Calvin de Haan,31,CAR,D,2,0,0,0,-1,2,0.0,0,0,0,0,0,0,0,2,0.0,25,12:34,0,3,0,0,,dehaaca01
109,Anthony DeAngelo,27,PHI,D,2,1,2,3,4,2,0.6,0,1,0,0,1,1,0,4,25.0,51,25:29,6,0,0,0,,deangan01
110,Alex DeBrincat,25,OTT,RW,2,0,1,1,-1,2,0.0,0,0,0,0,1,0,0,9,0.0,36,18:08,0,5,0,0,,debrial01
111,Jake DeBrusk,26,BOS,LW,2,2,1,3,4,0,0.5,2,0,0,0,1,0,0,8,25.0,29,14:44,1,3,1,0,100.0,debruja01
112,Ty Dellandrea,22,DAL,C,3,0,1,1,2,2,0.1,0,0,0,0,1,0,0,4,0.0,45,14:54,2,4,1,1,50.0,dellaty01
113,Dylan DeMelo,29,WPG,D,2,0,0,0,1,0,0.1,0,0,0,0,0,0,0,2,0.0,39,19:35,1,2,0,0,,demeldy01
114,Nicolas Deslauriers,31,PHI,LW,2,0,0,0,0,5,0.0,0,0,0,0,0,0,0,1,0.0,17,8:23,1,8,0,0,,deslani01
115,Connor Dewar,23,MIN,C,3,0,0,0,-2,0,-0.1,0,0,0,0,0,0,0,1,0.0,23,7:31,0,3,4,8,33.3,dewarco01
116,Jason Dickinson,27,CHI,C,1,1,2,3,1,0,0.3,1,0,0,0,0,0,2,2,50.0,12,12:07,1,2,2,3,40.0,dickija01
117,Brenden Dillon,32,WPG,D,2,0,0,0,0,0,0.1,0,0,0,0,0,0,0,3,0.0,40,20:15,5,4,0,0,,dillobr01
118,Noah Dobson,23,NYI,D,2,2,0,2,-1,0,0.3,1,1,0,1,0,0,0,8,25.0,43,21:33,1,1,0,0,,dobsono01
119,Max Domi,27,CHI,LW,3,1,0,1,0,0,0.1,0,1,0,0,0,0,0,5,20.0,54,17:51,1,2,28,20,58.3,domima01
120,Ryan Donato,26,SEA,C,3,0,1,1,1,8,0.1,0,0,0,0,0,1,0,5,0.0,34,11:30,1,4,1,3,25.0,donatry01
121,Drew Doughty,33,LAK,D,4,1,1,2,0,6,0.2,0,1,0,0,1,0,0,10,10.0,108,27:07,5,7,0,0,,doughdr01
122,Nic Dowd,32,WSH,C,4,1,1,2,-1,4,0.1,1,0,0,0,1,0,0,4,25.0,49,12:19,3,19,23,32,41.8,dowdni01
123,Leon Draisaitl,27,EDM,C,2,1,4,5,1,2,0.5,0,1,0,0,1,2,1,4,25.0,47,23:24,2,1,24,23,51.1,draisle01
124,Jonathan Drouin,27,MTL,LW,2,0,1,1,1,0,0.1,0,0,0,0,1,0,0,1,0.0,28,14:11,0,1,0,1,0.0,drouijo01
125,Jamie Drysdale,20,ANA,D,3,0,0,0,-1,2,-0.1,0,0,0,0,0,0,0,3,0.0,55,18:26,2,2,0,0,,drysdja01
126,Dillon Dube,24,CGY,C,2,1,1,2,1,4,0.3,0,0,1,0,1,0,0,5,20.0,30,15:04,1,2,3,3,50.0,dubedi01
127,Pierre-Luc Dubois,24,WPG,LW,2,0,1,1,-2,2,0.0,0,0,0,0,0,1,0,4,0.0,34,16:54,2,3,8,13,38.1,duboipi01
128,Matt Duchene,32,NSH,C,4,1,1,2,-2,12,0.1,1,0,0,0,1,0,0,10,10.0,72,17:57,4,0,4,6,40.0,duchema01
129,Brandon Duhaime,25,MIN,RW,3,0,0,0,-2,2,-0.1,0,0,0,0,0,0,0,1,0.0,20,6:40,1,7,0,0,,duhaibr01
130,Mathew Dumba,28,MIN,D,3,0,2,2,-3,0,0.0,0,0,0,0,2,0,0,7,0.0,60,19:59,3,5,0,0,,dumbama01
131,Brian Dumoulin,31,PIT,D,3,0,1,1,3,0,0.2,0,0,0,0,1,0,0,3,0.0,59,19:40,8,4,0,0,,dumoubr01
132,Vince Dunn,26,SEA,D,4,0,2,2,-3,4,0.1,0,0,0,0,0,2,0,6,0.0,90,22:29,1,2,0,0,,dunnvi02
133,Sean Durzi,24,LAK,D,3,0,2,2,-1,2,0.1,0,0,0,0,2,0,0,4,0.0,67,22:23,5,4,0,0,,durzise01
134,Christian Dvorak,26,MTL,C,4,0,0,0,-3,0,-0.2,0,0,0,0,0,0,0,4,0.0,67,16:52,3,1,26,20,56.5,dvorach01
135,Jordan Eberle,32,SEA,RW,4,0,2,2,-3,4,0.0,0,0,0,0,0,2,0,5,0.0,56,13:55,0,4,1,0,100.0,eberljo01
136,Alexander Edler,36,LAK,D,3,0,0,0,0,4,0.0,0,0,0,0,0,0,0,2,0.0,40,13:15,3,5,0,0,,edleral01
137,Nikolaj Ehlers,26,WPG,LW,2,0,3,3,0,0,0.2,0,0,0,0,2,1,0,7,0.0,38,19:00,1,2,0,0,,ehlerni01
138,Jack Eichel,26,VEG,C,3,1,2,3,2,0,0.3,1,0,0,0,1,1,0,11,9.1,49,16:18,3,2,19,22,46.3,eicheja01
139,Aaron Ekblad,26,FLA,D,3,1,0,1,1,4,0.3,0,1,0,0,0,0,0,7,14.3,65,21:42,1,4,0,0,,ekblaaa01
140,Mattias Ekholm,32,NSH,D,4,0,1,1,0,0,0.2,0,0,0,0,1,0,0,4,0.0,84,21:04,5,2,0,0,,ekholma01
141,Oliver Ekman-Larsson,31,VAN,D,3,0,1,1,-3,0,-0.1,0,0,0,0,1,0,0,6,0.0,65,21:40,4,6,0,0,,ekmanol01
142,Lars Eller,33,WSH,C,4,1,1,2,1,0,0.2,1,0,0,0,1,0,0,8,12.5,53,13:18,1,7,21,28,42.9,ellerla01
143,Pierre Engvall,26,TOR,LW,4,0,0,0,-2,0,-0.1,0,0,0,0,0,0,0,7,0.0,50,12:33,0,6,1,0,100.0,engvapi01
144,Mackenzie Entwistle,23,CHI,RW,3,0,0,0,-1,2,-0.1,0,0,0,0,0,0,0,2,0.0,43,14:10,2,6,4,3,57.1,entwima01
145,Joel Eriksson Ek,26,MIN,C,3,2,1,3,-3,6,0.2,0,2,0,0,1,0,0,15,13.3,61,20:14,1,2,32,35,47.8,eriksjo02
146,Adam Erne,27,DET,LW,3,1,0,1,-2,0,0.0,1,0,0,0,0,0,0,3,33.3,35,11:38,3,9,0,1,0.0,ernead01
147,Jake Evans,26,MTL,C,4,0,0,0,-1,0,-0.1,0,0,0,0,0,0,0,3,0.0,49,12:14,3,0,24,19,55.8,evansja02
148,Dante Fabbro,24,NSH,D,4,0,1,1,2,2,0.3,0,0,0,0,1,0,0,6,0.0,62,15:28,6,6,0,0,,fabbrda01
149,Radek Faksa,29,DAL,C,3,0,0,0,2,2,0.0,0,0,0,0,0,0,0,2,0.0,40,13:27,2,1,14,16,46.7,faksara01
150,Joel Farabee,22,PHI,LW,2,0,0,0,0,0,-0.1,0,0,0,0,0,0,0,4,0.0,42,20:52,2,1,0,0,,farabjo01
151,Jesper Fast,31,CAR,RW,3,0,0,0,-1,0,-0.1,0,0,0,0,0,0,0,0,,47,15:33,4,7,0,0,,fastje01
152,Justin Faulk,30,STL,D,1,0,1,1,1,0,0.2,0,0,0,0,1,0,0,3,0.0,22,22:26,2,3,0,0,,faulkju01
153,Martin Fehervary,23,WSH,D,4,0,1,1,1,2,0.2,0,0,0,0,1,0,0,2,0.0,79,19:39,7,18,0,0,,feherma01
154,Mario Ferraro,24,SJS,D,4,0,3,3,-3,0,0.3,0,0,0,0,2,1,0,4,0.0,94,23:32,10,1,0,1,0.0,ferrama01
155,Kevin Fiala,26,LAK,LW,4,1,4,5,0,4,0.3,0,1,0,0,3,1,0,12,8.3,69,17:08,3,2,0,0,,fialake01
156,Christian Fischer,25,ARI,RW,3,1,1,2,1,2,0.2,1,0,0,0,1,0,0,5,20.0,46,15:20,4,7,0,1,0.0,fischch01
157,Haydn Fleury,26,TBL,D,3,0,1,1,1,0,0.2,0,0,0,0,1,0,0,3,0.0,36,11:54,0,2,0,0,,fleurha01
158,Warren Foegele,26,EDM,LW,1,0,0,0,0,0,0.0,0,0,0,0,0,0,0,2,0.0,12,11:35,0,2,0,0,,foegewa01
159,Marcus Foligno,31,MIN,LW,3,1,1,2,-2,9,0.1,1,0,0,0,0,1,0,6,16.7,41,13:45,0,9,0,0,,foligma01
160,Nick Foligno,35,BOS,LW,3,1,1,2,-1,2,0.2,1,0,0,0,0,1,0,5,20.0,37,12:23,1,4,3,0,100.0,foligni01
161,Callan Foote,24,TBL,D,3,1,0,1,0,0,0.2,1,0,0,0,0,0,0,4,25.0,56,18:32,4,3,0,0,,footeca01
162,Derek Forbort,30,BOS,D,3,1,0,1,6,2,0.5,1,0,0,1,0,0,0,3,33.3,66,21:55,10,7,0,0,,forbode01
163,Filip Forsberg,28,NSH,C,4,1,1,2,-3,0,0.1,1,0,0,0,1,0,0,13,7.7,73,18:18,0,9,0,0,,forsbfi01
164,Gustav Forsling,26,FLA,D,3,1,2,3,3,2,0.6,1,0,0,0,2,0,0,10,10.0,76,25:29,4,5,0,0,,forslgu02
165,Gabriel Fortier,22,TBL,LW,1,0,0,0,0,0,0.0,0,0,0,0,0,0,0,0,,8,8:25,0,1,0,0,,fortiga01
166,Cam Fowler,31,ANA,D,3,0,0,0,1,2,0.0,0,0,0,0,0,0,0,2,0.0,74,24:39,2,0,0,0,,fowleca01
167,Adam Fox,24,NYR,D,4,1,4,5,0,2,0.5,1,0,0,0,3,1,0,8,12.5,95,23:44,5,1,0,0,,foxad01
168,Trent Frederic,24,BOS,C,2,1,1,2,4,5,0.4,1,0,0,1,1,0,0,4,25.0,23,11:15,2,2,0,1,0.0,fredetr01
169,Morgan Frost,23,PHI,C,2,2,0,2,2,2,0.4,2,0,0,1,0,0,0,4,50.0,30,15:02,3,6,13,13,50.0,frostmo01
170,Jonah Gadjovich,24,SJS,LW,3,0,0,0,-2,9,-0.1,0,0,0,0,0,0,0,1,0.0,26,8:49,0,5,0,1,0.0,gadjojo01
171,Sam Gagner,33,WPG,C,2,1,0,1,0,0,0.1,1,0,0,1,0,0,0,4,25.0,20,9:46,0,0,3,4,42.9,gagnesa01
172,Brendan Gallagher,30,MTL,RW,4,0,0,0,-3,4,-0.1,0,0,0,0,0,0,0,7,0.0,62,15:30,1,3,0,1,0.0,gallabr01
173,Conor Garland,26,VAN,RW,3,1,0,1,1,0,0.1,1,0,0,0,0,0,0,4,25.0,44,14:45,0,1,0,1,0.0,garlaco01
174,Frederick Gaudreau,29,MIN,C,3,0,0,0,0,0,-0.1,0,0,0,0,0,0,0,7,0.0,49,16:22,1,0,16,5,76.2,gaudrfr01
175,Johnny Gaudreau,29,CBJ,LW,3,1,1,2,1,0,0.2,1,0,0,0,1,0,0,8,12.5,64,21:24,0,0,0,0,,gaudrjo01
176,Vladislav Gavrikov,27,CBJ,D,3,0,0,0,-2,0,0.0,0,0,0,0,0,0,0,2,0.0,62,20:33,4,2,0,0,,gavrivl01
177,Morgan Geekie,24,SEA,C,3,0,0,0,0,0,0.0,0,0,0,0,0,0,0,2,0.0,31,10:26,4,3,17,26,39.5,geekimo01
178,Mark Giordano,39,TOR,D,4,0,1,1,3,2,0.4,0,0,0,0,1,0,0,4,0.0,76,18:59,5,5,0,0,,giordma01
179,Samuel Girard,24,COL,D,3,1,1,2,3,2,0.4,1,0,0,0,1,0,0,8,12.5,49,16:27,4,3,0,0,,girarsa01
180,Zemgus Girgensons,29,BUF,C,2,1,0,1,1,2,0.2,1,0,0,0,0,0,0,4,25.0,25,12:19,1,1,3,1,75.0,girgeze01
181,Claude Giroux,35,OTT,C,2,1,1,2,-1,0,0.2,1,0,0,0,0,1,0,6,16.7,34,16:50,4,2,14,12,53.8,giroucl01
182,Cody Glass,23,NSH,C,3,0,1,1,1,2,0.1,0,0,0,0,1,0,0,5,0.0,35,11:44,2,1,13,23,36.1,glassco01
183,Luke Glendening,33,DAL,C,3,0,0,0,2,0,0.0,0,0,0,0,0,0,0,0,,37,12:15,4,3,13,2,86.7,glendlu01
184,Alex Goligoski,37,MIN,D,3,0,0,0,-3,0,-0.2,0,0,0,0,0,0,0,6,0.0,45,15:06,2,2,0,0,,goligal01
185,Barclay Goodrow,29,NYR,RW,4,1,1,2,2,4,0.2,1,0,0,0,1,0,0,9,11.1,59,14:46,1,4,12,11,52.2,goodrba01
186,Shayne Gostisbehere,29,ARI,D,3,2,3,5,-4,2,0.5,0,1,1,1,0,3,0,9,22.2,71,23:41,5,2,0,0,,gostish01
187,Yanni Gourde,31,SEA,C,4,0,0,0,-1,7,-0.1,0,0,0,0,0,0,0,9,0.0,65,16:08,3,9,26,29,47.3,gourdya01
188,Mikael Granlund,30,NSH,C,4,0,3,3,-5,2,0.0,0,0,0,0,2,1,0,8,0.0,80,19:58,1,7,19,31,38.0,granlmi01
189,Derek Grant,32,ANA,C,3,1,0,1,0,2,0.1,1,0,0,0,0,0,0,2,50.0,38,12:36,2,2,21,17,55.3,grantde01
190,Ryan Graves,27,NJD,D,2,0,0,0,-4,0,-0.2,0,0,0,0,0,0,0,6,0.0,33,16:26,2,3,0,0,,gravery01
191,A.J. Greer,26,BOS,LW,3,2,2,4,5,2,0.6,2,0,0,0,2,0,0,7,28.6,32,10:36,2,12,0,0,,greeraj01
192,Noah Gregor,24,SJS,C,2,0,0,0,0,5,0.0,0,0,0,0,0,0,0,2,0.0,20,9:59,2,1,0,0,,gregono01
193,Carl Grundstrom,25,LAK,RW,3,0,0,0,-1,0,-0.1,0,0,0,0,0,0,0,3,0.0,25,8:27,1,6,0,1,0.0,grundca01
194,Radko Gudas,32,FLA,D,3,0,1,1,-2,2,0.0,0,0,0,0,1,0,0,4,0.0,56,18:34,2,11,0,0,,gudasra01
195,Erik Gudbranson,31,CBJ,D,3,0,2,2,-4,0,0.0,0,0,0,0,2,0,0,2,0.0,57,19:05,3,5,0,0,,gudbrer01
196,Dylan Guenther,19,ARI,RW,2,0,1,1,-2,0,0.0,0,0,0,0,1,0,0,4,0.0,26,13:04,2,1,0,1,0.0,guentdy01
197,Jake Guentzel,28,PIT,C,3,2,2,4,2,0,0.4,1,1,0,2,2,0,0,15,13.3,56,18:39,0,3,3,2,60.0,guentja01
198,Kaiden Guhle,21,MTL,D,4,0,2,2,-2,5,0.2,0,0,0,0,2,0,0,4,0.0,84,20:59,7,12,0,0,,guhleka01
199,Denis Gurianov,25,DAL,RW,3,0,0,0,-1,0,-0.1,0,0,0,0,0,0,0,3,0.0,39,12:56,1,0,0,0,,guriade01
200,David Gustafsson,22,WPG,C,2,0,1,1,1,0,0.1,0,0,0,0,1,0,0,0,,18,9:05,0,1,5,5,50.0,gustada01
201,Erik Gustafsson,30,WSH,D,4,0,2,2,-1,0,0.2,0,0,0,0,2,0,0,4,0.0,60,15:05,3,6,0,0,,gustaer02
202,Brandon Hagel,24,TBL,LW,3,0,0,0,-1,4,-0.1,0,0,0,0,0,0,0,5,0.0,46,15:23,3,1,1,5,16.7,hagelbr01
203,Robert Hagg,27,DET,D,3,0,0,0,-1,2,0.0,0,0,0,0,0,0,0,4,0.0,50,16:42,8,12,0,0,,haggro01
204,Nicolas Hague,24,VEG,D,2,0,0,0,1,0,0.1,0,0,0,0,0,0,0,2,0.0,31,15:40,5,1,0,0,,hagueni01
205,Libor Hajek,24,NYR,D,1,0,0,0,0,0,0.0,0,0,0,0,0,0,0,2,0.0,14,13:45,1,1,0,0,,hajekli01
206,Jani Hakanpaa,30,DAL,D,3,1,0,1,2,9,0.4,1,0,0,1,0,0,0,3,33.3,54,18:02,7,14,0,0,,hakanja01
207,Taylor Hall,31,BOS,LW,3,1,0,1,1,6,0.1,1,0,0,1,0,0,0,8,12.5,51,16:59,1,0,0,0,,hallta02
208,Dougie Hamilton,29,NJD,D,2,1,1,2,0,2,0.4,1,0,0,0,1,0,0,7,14.3,45,22:41,1,2,0,0,,hamildo01
209,Travis Hamonic,32,OTT,D,2,0,0,0,-1,0,0.1,0,0,0,0,0,0,0,5,0.0,40,20:00,2,5,0,0,,hamontr01
210,Noah Hanifin,26,CGY,D,2,0,0,0,0,2,0.0,0,0,0,0,0,0,0,6,0.0,42,20:52,0,5,0,0,,hanifno01
211,Scott Harrington,29,SJS,D,1,0,0,0,0,0,0.0,0,0,0,0,0,0,0,0,,16,16:10,2,1,0,0,,harrisc01
212,Jordan Harris,22,MTL,D,4,0,1,1,2,2,0.4,0,0,0,0,1,0,0,12,0.0,77,19:22,9,4,0,0,,harrijo01
213,Ryan Hartman,28,MIN,RW,3,0,1,1,-5,6,-0.2,0,0,0,0,1,0,0,10,0.0,48,16:02,1,4,12,14,46.2,hartmry01
214,Garnet Hathaway,31,WSH,RW,4,0,0,0,-1,2,-0.1,0,0,0,0,0,0,0,2,0.0,42,10:37,2,12,0,0,,hathaga01
215,Erik Haula,31,NJD,LW,2,0,0,0,1,0,0.0,0,0,0,0,0,0,0,6,0.0,35,17:30,0,3,31,10,75.6,haulaer01
216,Kevin Hayes,30,PHI,RW,2,0,3,3,-1,0,0.2,0,0,0,0,1,2,0,5,0.0,41,20:29,0,1,18,16,52.9,hayeske01
217,Barrett Hayton,22,ARI,C,3,0,0,0,-5,0,-0.2,0,0,0,0,0,0,0,5,0.0,45,15:04,1,5,14,23,37.8,haytoba01
218,Victor Hedman,32,TBL,D,3,0,2,2,-2,0,0.1,0,0,0,0,1,1,0,10,0.0,75,25:03,3,6,0,0,,hedmavi01
219,Danton Heinen,27,PIT,C,3,1,2,3,2,0,0.3,0,1,0,0,2,0,0,9,11.1,41,13:49,0,1,1,1,50.0,heineda01
220,Miro Heiskanen,23,DAL,D,3,2,1,3,5,2,0.8,1,1,0,0,0,0,1,8,25.0,75,24:58,4,2,0,0,,heiskmi01
221,Adam Henrique,32,ANA,C,3,0,0,0,-1,0,-0.1,0,0,0,0,0,0,0,7,0.0,42,13:53,1,2,2,2,50.0,henriad01
222,Tomas Hertl,29,SJS,C,4,1,0,1,-3,2,0.0,1,0,0,0,0,0,0,10,10.0,78,19:25,5,3,37,40,48.1,hertlto01
223,Roope Hintz,26,DAL,LW,3,2,3,5,4,0,0.7,1,0,1,1,2,1,0,5,40.0,46,15:24,4,2,10,5,66.7,hintzro01
224,Nico Hischier,24,NJD,C,1,0,0,0,-3,0,-0.1,0,0,0,0,0,0,0,3,0.0,17,17:16,0,1,11,5,68.8,hischni01
225,Hayden Hodgson,26,PHI,RW,1,0,0,0,0,0,0.0,0,0,0,0,0,0,0,0,,5,4:46,0,0,0,0,,hodgsha01
226,Mike Hoffman,33,MTL,C,4,0,1,1,-1,2,0.0,0,0,0,0,1,0,0,3,0.0,56,14:03,3,2,3,1,75.0,hoffmmi02
227,Nils Hoglander,22,VAN,LW,3,0,0,0,0,2,-0.1,0,0,0,0,0,0,0,6,0.0,39,13:05,0,2,0,0,,hoglani01
228,Nick Holden,35,OTT,D,1,0,0,0,0,0,0.0,0,0,0,0,0,0,0,1,0.0,14,13:50,1,0,0,0,,holdeni01
229,Justin Holl,31,TOR,D,4,1,0,1,1,4,0.4,1,0,0,1,0,0,0,7,14.3,81,20:15,11,8,0,0,,hollju01
230,Dylan Holloway,21,EDM,F,2,0,0,0,-2,0,-0.1,0,0,0,0,0,0,0,2,0.0,17,8:16,1,7,0,1,0.0,hollody02
231,Alexander Holtz,21,NJD,RW,2,1,0,1,-2,0,0.1,0,1,0,0,0,0,0,6,16.7,24,11:58,1,0,0,0,,holtzal01
232,Patric Hornqvist,36,FLA,RW,3,1,0,1,0,0,0.1,1,0,0,1,0,0,0,8,12.5,33,11:08,1,0,0,0,,hornqpa01
233,Bo Horvat,27,VAN,C,3,1,1,2,-2,2,0.1,1,0,0,0,0,1,0,7,14.3,60,19:59,2,3,40,31,56.3,horvabo01
234,Brett Howden,24,VEG,C,3,0,0,0,0,2,-0.1,0,0,0,0,0,0,0,7,0.0,42,14:04,2,5,3,0,100.0,howdebr01
235,Filip Hronek,25,DET,D,3,0,2,2,4,2,0.4,0,0,0,0,1,1,0,7,0.0,64,21:23,3,7,0,0,,hronefi01
236,Jonathan Huberdeau,29,CGY,LW,2,0,1,1,0,0,0.0,0,0,0,0,0,1,0,1,0.0,33,16:45,0,2,0,0,,huberjo01
237,Jack Hughes,21,NJD,C,2,0,0,0,-3,0,-0.1,0,0,0,0,0,0,0,8,0.0,46,23:11,0,1,9,16,36.0,hugheja03
238,Quinn Hughes,23,VAN,D,3,0,3,3,1,0,0.3,0,0,0,0,2,1,0,8,0.0,80,26:44,5,0,0,0,,hughequ01
239,Dryden Hunt,27,NYR,LW,3,1,0,1,-1,2,0.1,1,0,0,0,0,0,0,2,50.0,26,8:49,2,11,0,0,,huntdr01
240,Ben Hutton,29,VEG,D,1,0,0,0,-1,0,0.0,0,0,0,0,0,0,0,1,0.0,11,11:02,0,0,0,0,,huttobe01
241,Zach Hyman,30,EDM,C,2,0,2,2,0,2,0.1,0,0,0,0,1,1,0,3,0.0,40,20:11,2,4,1,1,50.0,hymanza01
242,Alex Iafallo,29,LAK,C,4,2,3,5,2,2,0.5,1,1,0,0,3,0,0,6,33.3,62,15:32,1,2,0,1,0.0,iafalal01
243,Calle Jarnkrok,31,TOR,C,4,1,1,2,0,6,0.2,1,0,0,0,1,0,0,6,16.7,57,14:08,1,1,8,7,53.3,jarnkca01
244,Seth Jarvis,20,CAR,C,3,2,0,2,2,0,0.3,2,0,0,0,0,0,0,8,25.0,49,16:10,3,4,0,0,,jarvise01
245,Tanner Jeannot,25,NSH,F,4,0,0,0,-2,7,-0.1,0,0,0,0,0,0,0,5,0.0,65,16:16,1,16,1,1,50.0,jeannta01
246,Boone Jenner,29,CBJ,C,3,0,1,1,0,4,0.0,0,0,0,0,1,0,0,11,0.0,62,20:43,5,6,47,19,71.2,jennebo01
247,Nick Jensen,32,WSH,D,4,0,2,2,2,2,0.4,0,0,0,0,2,0,0,5,0.0,78,19:25,4,4,0,0,,jenseni02
248,Ryan Johansen,30,NSH,C,4,1,2,3,1,2,0.3,1,0,0,0,1,1,0,7,14.3,66,16:34,0,8,43,22,66.2,johanry01
249,Marcus Johansson,32,WSH,C,4,1,2,3,2,0,0.3,1,0,0,0,0,2,0,9,11.1,53,13:16,0,1,1,3,25.0,johanma03
250,Erik Johnson,34,COL,D,3,0,1,1,2,2,0.2,0,0,0,0,1,0,0,5,0.0,48,16:04,5,3,0,0,,johnser01
251,Jack Johnson,36,CHI,D,3,0,1,1,0,0,0.1,0,0,0,0,0,0,1,4,0.0,63,21:00,6,4,0,0,,johnsja02
252,Kent Johnson,20,CBJ,C,2,0,1,1,0,0,0.1,0,0,0,0,1,0,0,3,0.0,23,11:25,0,0,0,0,,johnske01
253,Reese Johnson,24,CHI,F,1,0,0,0,0,0,0.0,0,0,0,0,0,0,0,0,,10,10:22,0,4,3,3,50.0,johnsre01
254,Tyler Johnson,32,CHI,C,3,0,3,3,1,2,0.2,0,0,0,0,2,1,0,5,0.0,45,15:00,2,9,0,2,0.0,johnsty01
255,Wyatt Johnston,19,DAL,C,3,1,0,1,1,0,0.1,0,1,0,0,0,0,0,3,33.3,44,14:36,2,1,4,9,30.8,johnswy01
256,Henri Jokiharju,23,BUF,D,2,0,1,1,4,2,0.3,0,0,0,0,1,0,0,1,0.0,40,20:10,4,1,0,0,,jokihhe01
257,Caleb Jones,25,CHI,D,2,0,0,0,1,2,0.1,0,0,0,0,0,0,0,0,,31,15:18,1,4,0,0,,jonesca01
258,Max Jones,24,ANA,LW,3,0,1,1,-1,4,0.0,0,0,0,0,1,0,0,2,0.0,34,11:20,0,8,1,1,50.0,jonesma03
259,Seth Jones,28,CHI,D,3,0,1,1,1,0,0.2,0,0,0,0,0,0,1,3,0.0,76,25:24,8,9,0,0,,jonesse01
260,Zachary Jones,22,NYR,D,3,0,0,0,-1,2,0.0,0,0,0,0,0,0,0,1,0.0,46,15:18,2,0,0,0,,jonesza01
261,Mathieu Joseph,25,OTT,RW,2,0,0,0,-1,2,0.0,0,0,0,0,0,0,0,1,0.0,27,13:36,1,6,0,0,,josepma01
262,Pierre-Olivier Joseph,23,PIT,D,3,0,2,2,2,2,0.3,0,0,0,0,2,0,0,4,0.0,44,14:34,2,6,0,0,,joseppi01
263,Dakota Joshua,26,VAN,C,3,0,0,0,0,2,-0.1,0,0,0,0,0,0,0,2,0.0,31,10:26,0,10,0,1,0.0,joshuda01
264,Roman Josi,32,NSH,D,4,0,1,1,-1,2,0.1,0,0,0,0,1,0,0,14,0.0,98,24:26,7,0,0,0,,josiro01
265,Tyson Jost,24,MIN,C,3,0,1,1,-2,0,-0.1,0,0,0,0,1,0,0,2,0.0,48,15:57,5,2,10,6,62.5,jostty01
266,Noah Juulsen,25,VAN,D,1,0,0,0,-1,0,-0.1,0,0,0,0,0,0,0,1,0.0,11,10:49,3,3,0,0,,juulsno01
267,Nazem Kadri,32,CGY,C,2,1,2,3,1,0,0.3,0,1,0,0,1,1,0,5,20.0,32,16:14,1,1,13,16,44.8,kadrina01
268,Kaapo Kakko,21,NYR,RW,4,2,0,2,1,0,0.3,2,0,0,0,0,0,0,9,22.2,62,15:30,4,4,0,0,,kakkoka01
269,Arthur Kaliyev,21,LAK,RW,3,1,1,2,1,2,0.2,1,0,0,0,1,0,0,5,20.0,28,9:18,1,1,0,0,,kaliyar01
270,David Kampf,28,TOR,C,4,1,0,1,-2,2,0.0,1,0,0,0,0,0,0,3,33.3,53,13:12,2,2,23,26,46.9,kampfda01
271,Evander Kane,31,EDM,LW,2,0,2,2,0,2,0.1,0,0,0,0,0,2,0,9,0.0,39,19:26,1,12,0,0,,kaneev01
272,Patrick Kane,34,CHI,RW,3,0,1,1,0,0,0.0,0,0,0,0,0,1,0,9,0.0,57,19:05,1,1,0,0,,kanepa01
273,Kasperi Kapanen,26,PIT,RW,3,1,1,2,1,0,0.2,1,0,0,0,1,0,0,3,33.3,41,13:46,0,3,1,0,100.0,kapanka01
274,Kirill Kaprizov,25,MIN,LW,3,3,2,5,-8,4,0.3,1,2,0,0,0,2,0,13,23.1,66,22:07,0,5,0,0,,kapriki01
275,Erik Karlsson,32,SJS,D,4,1,2,3,-3,0,0.4,1,0,0,0,2,0,0,5,20.0,99,24:38,4,1,0,0,,karlser01
276,William Karlsson,30,VEG,C,3,1,1,2,1,0,0.2,0,1,0,0,1,0,0,6,16.7,51,16:59,2,1,26,15,63.4,karlswi01
277,Ondrej Kase,27,CAR,RW,1,0,0,0,0,0,0.0,0,0,0,0,0,0,0,0,,11,11:02,0,1,0,1,0.0,kaseon01
278,Zack Kassian,32,ARI,RW,3,0,0,0,-3,2,-0.1,0,0,0,0,0,0,0,2,0.0,35,11:42,1,6,0,0,,kassiza01
279,Mark Kastelic,23,OTT,C,2,0,0,0,0,0,0.0,0,0,0,0,0,0,0,1,0.0,18,9:03,1,1,7,4,63.6,kastema01
280,Clayton Keller,24,ARI,C,3,1,1,2,-5,0,0.0,0,1,0,0,0,1,0,4,25.0,53,17:35,1,0,1,1,50.0,kellecl01
281,Parker Kelly,23,OTT,F,2,0,0,0,0,2,0.0,0,0,0,0,0,0,0,1,0.0,15,7:44,0,4,0,0,,kellypa01
282,Adrian Kempe,26,LAK,LW,4,4,2,6,1,4,0.7,4,0,0,1,1,1,0,9,44.4,73,18:13,2,5,0,2,0.0,kempead01
283,Alexander Kerfoot,28,TOR,C,4,0,1,1,1,2,0.0,0,0,0,0,1,0,0,6,0.0,62,15:35,2,2,9,10,47.4,kerfoal01
284,Phil Kessel,35,VEG,RW,3,0,1,1,1,4,0.1,0,0,0,0,1,0,0,7,0.0,42,13:51,1,0,0,0,,kesseph01
285,Jujhar Khaira,28,CHI,LW,3,0,0,0,-1,2,-0.1,0,0,0,0,0,0,0,1,0.0,37,12:16,2,6,5,3,62.5,khairju01
286,Alex Killorn,33,TBL,C,3,0,2,2,0,2,0.1,0,0,0,0,2,0,0,1,0.0,58,19:17,1,0,0,0,,killoal01
287,Joel Kiviranta,26,DAL,F,3,1,0,1,1,4,0.1,1,0,0,0,0,0,0,6,16.7,38,12:43,5,3,0,2,0.0,kivirjo01
288,John Klingberg,30,ANA,D,3,0,2,2,0,0,0.1,0,0,0,0,1,1,0,4,0.0,68,22:32,3,3,0,0,,klingjo01
289,Cole Koepke,24,TBL,LW,2,0,0,0,-2,0,-0.1,0,0,0,0,0,0,0,3,0.0,16,8:02,0,1,0,0,,koepkco01
290,Keegan Kolesar,25,VEG,RW,3,1,0,1,0,0,0.1,1,0,0,0,0,0,0,4,25.0,35,11:42,2,9,1,2,33.3,koleske01
291,Travis Konecny,25,PHI,C,2,3,1,4,1,0,0.6,2,1,0,1,0,0,1,6,50.0,38,18:48,2,3,0,0,,konectr01
292,Anze Kopitar,35,LAK,C,4,1,5,6,0,0,0.4,1,0,0,0,3,2,0,8,12.5,78,19:30,5,6,51,28,64.6,kopitan01
293,Jesperi Kotkaniemi,22,CAR,C,3,0,2,2,4,2,0.2,0,0,0,0,2,0,0,2,0.0,48,15:53,1,2,28,14,66.7,kotkaje01
294,Johnathan Kovacevic,25,MTL,D,4,0,0,0,-1,0,0.1,0,0,0,0,0,0,0,6,0.0,72,18:00,2,10,0,0,,kovacjo01
295,Vitali Kravtsov,23,NYR,RW,1,0,0,0,0,0,0.0,0,0,0,0,0,0,0,0,,1,1:28,0,0,0,0,,kravtvi01
296,Peyton Krebs,22,BUF,C,2,0,1,1,0,2,0.0,0,0,0,0,1,0,0,1,0.0,24,11:59,0,1,1,0,100.0,krebspe01
297,Chris Kreider,31,NYR,LW,4,2,1,3,1,2,0.3,1,1,0,0,0,1,0,12,16.7,77,19:12,2,4,1,0,100.0,kreidch01
298,David Krejci,36,BOS,C,3,1,3,4,-1,0,0.3,1,0,0,0,2,1,0,3,33.3,50,16:50,4,2,15,15,50.0,krejcda01
299,Torey Krug,31,STL,D,1,0,1,1,0,0,0.1,0,0,0,0,0,1,0,1,0.0,21,20:57,1,0,0,0,,krugto01
300,Dominik Kubal√≠k,27,DET,LW,3,1,2,3,2,0,0.3,1,0,0,0,2,0,0,4,25.0,43,14:29,1,2,0,2,0.0,kubaldo01
301,Nikita Kucherov,29,TBL,RW,3,0,3,3,-2,0,0.1,0,0,0,0,1,2,0,12,0.0,64,21:24,2,0,0,0,,kucheni01
302,Karson Kuhlman,27,SEA,C,3,0,0,0,0,0,0.0,0,0,0,0,0,0,0,4,0.0,27,9:08,1,3,0,0,,kuhlmka01
303,Brett Kulak,29,EDM,D,2,0,0,0,1,2,0.1,0,0,0,0,0,0,0,1,0.0,32,15:52,1,2,0,0,,kulakbr01
304,Dmitry Kulikov,32,ANA,D,3,0,1,1,-2,2,-0.1,0,0,0,0,1,0,0,1,0.0,65,21:37,9,6,0,0,,kulikdm01
305,Luke Kunin,25,SJS,C,4,1,1,2,-4,4,0.1,0,1,0,0,1,0,0,11,9.1,75,18:45,3,7,0,2,0.0,kuninlu01
306,Sean Kuraly,30,CBJ,C,3,1,0,1,-1,0,0.1,1,0,0,0,0,0,0,3,33.3,38,12:35,4,6,21,24,46.7,kuralse01
307,Philipp Kurashev,23,CHI,C,3,0,2,2,-2,0,0.0,0,0,0,0,1,1,0,4,0.0,47,15:41,1,7,2,2,50.0,kurasph01
308,Andrei Kuzmenko,26,VAN,F,3,1,1,2,0,0,0.2,0,1,0,0,1,0,0,12,8.3,48,16:05,1,0,0,0,,kuzmean01
309,Evgeny Kuznetsov,30,WSH,C,4,0,4,4,2,6,0.3,0,0,0,0,4,0,0,8,0.0,77,19:11,0,3,19,28,40.4,kuzneev01
310,Jordan Kyrou,24,STL,C,1,0,0,0,-2,0,-0.1,0,0,0,0,0,0,0,3,0.0,17,17:18,1,0,0,0,,kyroujo01
311,Kevin Labanc,27,SJS,RW,4,0,0,0,-4,0,-0.2,0,0,0,0,0,0,0,12,0.0,70,17:34,3,2,0,0,,labanke01
312,Tanner Laczynski,25,PHI,C,2,0,2,2,1,0,0.2,0,0,0,0,2,0,0,1,0.0,23,11:40,0,0,1,1,50.0,laczyta01
313,Sam Lafferty,27,CHI,C,3,2,1,3,1,7,0.4,0,0,2,1,1,0,0,5,40.0,43,14:25,2,5,13,15,46.4,laffesa01
314,Alexis Lafreniere,21,NYR,LW,4,1,2,3,1,0,0.3,1,0,0,0,2,0,0,15,6.7,66,16:36,0,7,1,1,50.0,lafreal01
315,Patrik Laine,24,CBJ,RW,1,1,0,1,1,0,0.2,1,0,0,0,0,0,0,2,50.0,8,7:49,1,1,0,0,,lainepa01
316,Dylan Larkin,26,DET,C,3,1,3,4,6,0,0.5,1,0,0,0,3,0,0,12,8.3,65,21:36,1,1,33,32,50.8,larkidy01
317,Adam Larsson,30,SEA,D,4,1,0,1,-2,0,0.2,0,0,1,0,0,0,0,9,11.1,94,23:23,8,11,0,0,,larssad01
318,Scott Laughton,28,PHI,C,2,1,0,1,1,4,0.1,0,0,1,0,0,0,0,6,16.7,32,16:12,0,4,3,9,25.0,laughsc01
319,Jakub Lauko,22,BOS,C,2,0,0,0,0,0,-0.1,0,0,0,0,0,0,0,3,0.0,23,11:38,0,3,0,0,,laukoja01
320,Jeremy Lauzon,25,NSH,D,2,0,0,0,-2,2,-0.1,0,0,0,0,0,0,0,0,,28,13:48,4,6,0,0,,lauzoje01
321,Curtis Lazar,27,VAN,C,3,1,0,1,2,0,0.2,1,0,0,0,0,0,0,2,50.0,36,11:58,1,7,3,7,30.0,lazarcu01
322,Brett Leason,23,ANA,RW,1,0,0,0,-1,0,-0.1,0,0,0,0,0,0,0,0,,13,12:37,0,0,0,0,,leasobr01
323,Nick Leddy,31,STL,D,1,0,1,1,1,0,0.2,0,0,0,0,1,0,0,0,,23,23:11,1,1,0,0,,leddyni01
324,Anders Lee,32,NYI,LW,2,0,3,3,1,4,0.2,0,0,0,0,3,0,0,3,0.0,34,17:05,2,2,3,2,60.0,leean01
325,Artturi Lehkonen,27,COL,LW,3,2,2,4,0,6,0.4,0,2,0,1,0,2,0,7,28.6,60,20:03,3,4,0,2,0.0,lehkoar01
326,Brendan Lemieux,26,LAK,LW,3,0,1,1,-1,9,0.0,0,0,0,0,1,0,0,3,0.0,22,7:19,2,4,1,0,100.0,lemiebr01
327,Kris Letang,35,PIT,D,3,0,3,3,2,0,0.3,0,0,0,0,2,1,0,3,0.0,71,23:42,6,6,0,0,,letankr01
328,Trevor Lewis,36,CGY,C,2,0,0,0,-1,0,-0.1,0,0,0,0,0,0,0,5,0.0,28,13:57,0,3,2,3,40.0,lewistr01
329,Oskar Lindblom,26,SJS,LW,4,0,1,1,-4,0,-0.1,0,0,0,0,0,1,0,3,0.0,49,12:08,3,5,2,1,66.7,lindbos01
330,Esa Lindell,28,DAL,D,3,0,1,1,3,4,0.3,0,0,0,0,1,0,0,1,0.0,57,18:58,6,2,0,0,,lindees01
331,Ryan Lindgren,24,NYR,D,4,0,2,2,-1,4,0.1,0,0,0,0,2,0,0,8,0.0,75,18:49,7,5,0,0,,lindgry01
332,Elias Lindholm,28,CGY,C,2,1,0,1,0,0,0.1,0,1,0,0,0,0,0,6,16.7,41,20:18,0,2,20,20,50.0,lindhel01
333,Hampus Lindholm,29,BOS,D,3,1,1,2,4,4,0.5,1,0,0,0,1,0,0,4,25.0,72,24:08,4,2,0,0,,lindhha01
334,Gustav Lindstrom,24,DET,D,3,0,0,0,-1,0,0.0,0,0,0,0,0,0,0,1,0.0,42,14:09,1,6,0,0,,lindsgu01
335,Blake Lizotte,25,LAK,C,4,0,0,0,-1,4,-0.1,0,0,0,0,0,0,0,4,0.0,36,8:58,0,1,22,14,61.1,lizotbl01
336,Ryan Lomberg,28,FLA,LW,3,0,1,1,2,2,0.1,0,0,0,0,1,0,0,3,0.0,23,7:45,2,4,0,0,,lombery01
337,Steven Lorentz,26,SJS,C,4,0,2,2,0,0,0.1,0,0,0,0,2,0,0,7,0.0,56,14:05,4,6,0,4,0.0,lorenst01
338,Adam Lowry,29,WPG,LW,2,0,0,0,0,2,0.0,0,0,0,0,0,0,0,2,0.0,29,14:19,1,4,13,16,44.8,lowryad01
339,Milan Lucic,34,CGY,LW,2,0,1,1,2,2,0.1,0,0,0,0,1,0,0,3,0.0,20,10:04,2,4,2,1,66.7,lucicmi01
340,Anton Lundell,21,FLA,C,3,0,1,1,2,0,0.1,0,0,0,0,1,0,0,8,0.0,51,17:02,7,1,16,21,43.2,lundean01
341,Isac Lundestrom,23,ANA,C,3,0,1,1,-2,2,-0.1,0,0,0,0,1,0,0,8,0.0,45,14:59,0,1,14,19,42.4,lundeis01
342,Nils Lundkvist,22,DAL,D,3,0,1,1,1,0,0.2,0,0,0,0,0,1,0,5,0.0,49,16:19,2,1,0,0,,lundkni01
343,Eetu Luostarinen,24,FLA,C,3,1,2,3,4,0,0.4,1,0,0,0,2,0,0,2,50.0,37,12:19,2,1,0,4,0.0,luostee01
344,Olle Lycksell,23,PHI,RW,1,0,0,0,0,2,0.0,0,0,0,0,0,0,0,0,,9,9:02,0,0,0,0,,lycksol01
345,Ilya Lyubushkin,28,BUF,D,2,0,1,1,1,6,0.1,0,0,0,0,1,0,0,1,0.0,27,13:30,3,7,0,0,,lyubuil01
346,Olli Maatta,28,DET,D,3,1,3,4,3,0,0.6,1,0,0,0,3,0,0,3,33.3,60,19:53,7,2,0,0,,maattol01
347,Matias Maccelli,22,ARI,LW,3,0,1,1,0,0,0.0,0,0,0,0,0,1,0,2,0.0,45,15:03,0,1,0,0,,maccema01
348,Kurtis MacDermid,28,COL,D,3,0,0,0,1,2,0.0,0,0,0,0,0,0,0,0,,20,6:46,1,14,0,0,,macdeku01
349,Nathan MacKinnon,27,COL,C,3,2,5,7,4,2,0.8,1,1,0,0,4,1,0,16,12.5,63,21:09,0,2,26,32,44.8,mackina01
350,Saku Maenalanen,28,WPG,RW,2,0,1,1,-1,0,0.0,0,0,0,0,1,0,0,2,0.0,17,8:17,0,4,0,0,,maenasa01
351,Josh Mahura,24,FLA,D,3,0,0,0,2,2,0.2,0,0,0,0,0,0,0,2,0.0,43,14:18,2,2,0,0,,mahurjo01
352,Cale Makar,24,COL,D,3,0,4,4,1,4,0.3,0,0,0,0,1,3,0,8,0.0,77,25:48,4,4,0,0,,makarca01
353,Denis Malgin,26,TOR,C,4,1,0,1,2,0,0.2,1,0,0,0,0,0,0,2,50.0,45,11:18,1,3,0,0,,malgide01
354,Evgeni Malkin,36,PIT,C,3,3,1,4,4,4,0.6,2,1,0,0,0,1,0,17,17.6,54,18:01,2,0,28,15,65.1,malkiev01
355,Brad Malone,33,EDM,C,2,0,0,0,-1,2,0.0,0,0,0,0,0,0,0,0,,10,4:56,0,4,1,0,100.0,malonbr01
356,Andrew Mangiapane,26,CGY,LW,2,1,1,2,3,0,0.3,1,0,0,1,0,0,1,5,20.0,31,15:41,0,1,0,0,,mangian01
357,Josh Manson,31,COL,D,3,1,0,1,0,9,0.1,1,0,0,1,0,0,0,4,25.0,50,16:40,0,9,0,0,,mansojo01
358,Anthony Mantha,28,WSH,RW,4,2,0,2,-1,5,0.2,2,0,0,1,0,0,0,8,25.0,60,15:05,1,3,0,0,,manthan01
359,Jonathan Marchessault,32,VEG,C,3,3,0,3,1,0,0.5,2,1,0,0,0,0,0,13,23.1,47,15:32,1,7,0,0,,audymjo01
360,Mason Marchment,27,DAL,F,3,3,2,5,2,0,0.7,2,1,0,1,2,0,0,9,33.3,46,15:14,1,4,0,0,,marchma01
361,John Marino,25,NJD,D,2,0,0,0,-1,0,0.0,0,0,0,0,0,0,0,2,0.0,42,21:07,1,1,0,0,,marinjo01
362,Mitch Marner,25,TOR,RW,4,1,3,4,0,4,0.3,1,0,0,0,2,1,0,10,10.0,88,22:06,3,5,0,0,,marnemi01
363,Pat Maroon,34,TBL,LW,3,0,0,0,-3,0,-0.1,0,0,0,0,0,0,0,5,0.0,28,9:10,0,3,0,1,0.0,maroopa01
364,Matt Martin,33,NYI,LW,2,0,1,1,0,2,0.1,0,0,0,0,1,0,0,0,,19,9:22,1,9,0,1,0.0,martima02
365,Alec Martinez,35,VEG,D,3,0,0,0,0,2,0.1,0,0,0,0,0,0,0,4,0.0,60,19:55,9,0,0,0,,martial01
366,Jordan Martinook,30,CAR,LW,3,1,1,2,2,2,0.3,1,0,0,0,1,0,0,5,20.0,31,10:25,2,5,3,3,50.0,martijo01
367,Auston Matthews,25,TOR,C,4,1,1,2,1,0,0.2,1,0,0,1,0,1,0,21,4.8,84,21:01,2,14,27,27,50.0,matthau01
368,Scott Mayfield,30,NYI,D,2,2,0,2,1,2,0.4,2,0,0,0,0,0,0,5,40.0,37,18:20,4,2,0,0,,mayfisc01
369,Dysin Mayo,26,ARI,D,3,0,0,0,-2,0,0.0,0,0,0,0,0,0,0,4,0.0,53,17:41,5,6,0,0,,mayody01
370,Jack McBain,23,ARI,C,3,0,0,0,0,4,0.0,0,0,0,0,0,0,0,0,,37,12:20,0,8,15,14,51.7,mcbaija03
371,Jared McCann,26,SEA,C,4,1,1,2,-4,0,0.0,0,1,0,0,0,1,0,8,12.5,64,15:55,1,3,2,7,22.2,mccanja01
372,Michael McCarron,27,NSH,RW,1,0,0,0,0,0,0.0,0,0,0,0,0,0,0,0,,10,9:38,2,4,5,7,41.7,mccarmi01
373,Connor McDavid,26,EDM,C,2,4,1,5,0,4,0.7,1,3,0,1,0,1,0,9,44.4,47,23:35,1,7,9,10,47.4,mcdavco01
374,Ryan McDonagh,33,NSH,D,4,0,2,2,0,0,0.3,0,0,0,0,2,0,0,3,0.0,83,20:51,7,3,0,0,,mcdonry01
375,Brock McGinn,28,PIT,LW,3,0,0,0,0,0,-0.1,0,0,0,0,0,0,0,1,0.0,36,11:59,0,6,0,1,0.0,mcginbr01
376,Michael McLeod,24,NJD,C,2,0,0,0,-1,0,0.0,0,0,0,0,0,0,0,0,,14,7:12,0,2,8,10,44.4,mcleomi01
377,Ryan McLeod,23,EDM,C,2,1,0,1,0,2,0.1,1,0,0,0,0,0,0,1,100.0,29,14:24,0,1,9,7,56.3,mcleory01
378,Brayden McNabb,32,VEG,D,3,0,0,0,2,0,0.2,0,0,0,0,0,0,0,5,0.0,61,20:27,7,4,0,0,,mcnabbr01
379,Mason Mctavish,20,ANA,C,3,0,2,2,-2,4,0.0,0,0,0,0,1,1,0,6,0.0,44,14:42,0,1,1,0,100.0,mctavma01
380,Jaycob Megna,30,SJS,D,3,0,1,1,-1,2,0.1,0,0,0,0,1,0,0,3,0.0,42,14:05,3,2,0,0,,megnaja02
381,Timo Meier,26,SJS,RW,4,0,1,1,-3,0,0.0,0,0,0,0,1,0,0,19,0.0,78,19:28,0,12,1,1,50.0,meierti01
382,Dawson Mercer,21,NJD,C,2,0,1,1,-3,4,0.0,0,0,0,0,0,1,0,11,0.0,34,17:06,1,2,5,5,50.0,merceda01
383,Ben Meyers,24,COL,F,3,1,0,1,1,0,0.2,1,0,0,0,0,0,0,2,50.0,24,7:53,0,3,0,1,0.0,meyerbe01
384,Jacob Middleton,27,MIN,D,3,1,1,2,1,4,0.4,1,0,0,0,1,0,0,6,16.7,57,19:05,7,3,0,0,,middlja01
385,Niko Mikkola,26,STL,D,1,0,0,0,1,2,0.1,0,0,0,0,0,0,0,1,0.0,12,12:23,2,1,0,0,,mikkoni01
386,Colin Miller,30,DAL,D,3,0,0,0,3,8,0.2,0,0,0,0,0,0,0,1,0.0,53,17:33,3,3,0,0,,milleco02
387,J.T. Miller,29,VAN,C,3,2,1,3,-2,2,0.2,1,1,0,0,0,1,0,5,40.0,61,20:26,1,6,21,19,52.5,millejt01
388,K'Andre Miller,23,NYR,D,4,0,2,2,3,2,0.4,0,0,0,0,1,0,1,9,0.0,88,21:55,4,8,0,0,,milleka01
389,Casey Mittelstadt,24,BUF,C,2,0,0,0,2,2,0.0,0,0,0,0,0,0,0,6,0.0,38,18:55,1,0,18,13,58.1,mitteca01
390,Sean Monahan,28,MTL,C,4,1,1,2,0,2,0.2,1,0,0,0,0,1,0,12,8.3,75,18:43,0,2,33,19,63.5,monahse01
391,Brandon Montour,28,FLA,D,2,1,0,1,0,2,0.2,0,1,0,1,0,0,0,4,25.0,47,23:20,5,1,0,0,,montobr01
392,Trevor Moore,27,LAK,LW,4,0,3,3,-1,0,0.0,0,0,0,0,3,0,0,15,0.0,75,18:47,1,2,0,2,0.0,mooretr01
393,Josh Morrissey,27,WPG,D,2,0,1,1,2,2,0.3,0,0,0,0,1,0,0,1,0.0,42,20:46,2,2,0,0,,morrijo04
394,J.J. Moser,22,ARI,D,3,0,3,3,-2,2,0.2,0,0,0,0,0,3,0,1,0.0,73,24:27,6,4,0,0,,moserja01
395,Tyler Motte,27,OTT,C,2,0,0,0,-1,0,0.0,0,0,0,0,0,0,0,5,0.0,32,16:03,5,6,1,3,25.0,mottety01
396,Connor Murphy,29,CHI,D,3,0,0,0,0,4,0.0,0,0,0,0,0,0,0,4,0.0,59,19:30,9,8,0,0,,murphco02
397,Ryan Murray,29,EDM,D,2,0,1,1,-3,0,-0.1,0,0,0,0,1,0,0,2,0.0,32,15:55,3,3,0,0,,murrary01
398,Jake Muzzin,33,TOR,D,4,0,1,1,0,2,0.2,0,0,0,0,1,0,0,8,0.0,67,16:43,10,11,0,0,,muzzija01
399,Philippe Myers,26,TBL,D,3,0,0,0,0,0,0.0,0,0,0,0,0,0,0,6,0.0,40,13:26,2,7,0,0,,myersph01
400,Vladislav Namestnikov,30,TBL,C,3,0,2,2,1,2,0.1,0,0,0,0,1,1,0,4,0.0,35,11:32,2,5,5,15,25.0,namesvl01
401,Martin Necas,24,CAR,C,3,2,3,5,5,4,0.7,2,0,0,0,3,0,0,9,22.2,55,18:18,0,0,6,7,46.2,necasma01
402,Jake Neighbours,20,STL,LW,1,1,0,1,1,0,0.2,1,0,0,0,0,0,0,1,100.0,13,13:26,0,4,0,0,,neighja01
403,Brock Nelson,31,NYI,C,2,0,2,2,1,2,0.1,0,0,0,0,1,1,0,3,0.0,37,18:29,4,1,27,16,62.8,nelsobr01
404,Alex Newhook,22,COL,C,3,0,0,0,-3,0,-0.2,0,0,0,0,0,0,0,3,0.0,40,13:12,0,3,7,16,30.4,newhoal01
405,Valeri Nichushkin,27,COL,RW,3,4,2,6,-1,0,0.7,0,3,1,0,1,1,0,11,36.4,64,21:20,3,3,0,0,,nichuva01
406,Nino Niederreiter,30,NSH,RW,4,4,0,4,2,2,0.6,3,1,0,1,0,0,0,10,40.0,63,15:48,0,10,0,0,,niedeni01
407,Matthew Nieto,30,SJS,LW,4,0,0,0,-1,2,-0.1,0,0,0,0,0,0,0,3,0.0,55,13:47,1,3,0,0,,nietoma01
408,Stefan Noesen,29,CAR,RW,2,0,2,2,1,2,0.2,0,0,0,0,1,1,0,7,0.0,18,8:56,1,2,0,0,,noesest01
409,Joshua Norris,23,OTT,C,2,0,0,0,-2,0,-0.1,0,0,0,0,0,0,0,2,0.0,38,18:58,2,3,10,10,50.0,norrijo01
410,Tomas Nosek,30,BOS,C,3,0,0,0,1,4,-0.1,0,0,0,0,0,0,0,2,0.0,43,14:28,0,6,21,12,63.6,nosekto01
411,Ryan Nugent-Hopkins,29,EDM,C,2,0,0,0,-1,2,-0.1,0,0,0,0,0,0,0,4,0.0,39,19:34,0,3,21,19,52.5,nugenry01
412,Darnell Nurse,27,EDM,D,2,1,1,2,1,2,0.4,0,0,1,0,0,1,0,2,50.0,49,24:44,9,5,0,0,,nurseda01
413,William Nylander,26,TOR,C,4,3,1,4,0,0,0.5,1,2,0,0,1,0,0,18,16.7,73,18:21,1,4,5,5,50.0,nylanwi01
414,Gustav Nyquist,33,CBJ,RW,3,2,0,2,-2,0,0.2,2,0,0,0,0,0,0,7,28.6,50,16:32,1,2,0,1,0.0,nyquigu01
415,Liam O'Brien,28,ARI,C,3,0,0,0,0,7,0.0,0,0,0,0,0,0,0,0,,36,12:01,0,11,1,0,100.0,obrieli01
416,Logan O'Connor,26,COL,RW,3,0,0,0,2,4,0.0,0,0,0,0,0,0,0,3,0.0,41,13:36,0,7,0,0,,oconnlo01
417,Ryan O'Reilly,31,STL,C,1,0,0,0,-1,0,-0.1,0,0,0,0,0,0,0,0,,16,15:42,0,0,6,8,42.9,oreilry01
418,Kyle Okposo,34,BUF,RW,2,0,1,1,1,0,0.1,0,0,0,0,1,0,0,2,0.0,30,15:10,0,2,0,2,0.0,okposky01
419,Jamie Oleksiak,30,SEA,D,4,0,0,0,-2,4,0.0,0,0,0,0,0,0,0,2,0.0,75,18:49,6,17,0,0,,oleksja01
420,Mathieu Olivier,25,CBJ,F,3,0,1,1,1,0,0.1,0,0,0,0,1,0,0,3,0.0,29,9:50,3,10,0,1,0.0,olivima01
421,Victor Olofsson,27,BUF,RW,2,2,0,2,2,0,0.4,2,0,0,0,0,0,0,7,28.6,31,15:23,0,0,0,0,,olofsvi01
422,Dmitry Orlov,31,WSH,D,4,0,0,0,-1,2,0.0,0,0,0,0,0,0,0,9,0.0,84,20:53,3,16,0,0,,orlovdm01
423,T.J. Oshie,36,WSH,C,4,1,2,3,1,0,0.3,0,1,0,0,2,0,0,9,11.1,75,18:38,2,10,6,4,60.0,oshietj01
424,Alex Ovechkin,37,WSH,LW,4,2,3,5,-2,0,0.4,1,1,0,0,2,1,0,17,11.8,80,19:59,2,18,0,0,,ovechal01
425,Jean-Gabriel Pageau,30,NYI,C,2,0,1,1,-1,0,0.0,0,0,0,0,1,0,0,5,0.0,32,16:14,3,5,27,20,57.4,pageaje01
426,Ondrej Palat,31,NJD,LW,2,0,0,0,-5,0,-0.2,0,0,0,0,0,0,0,1,0.0,36,17:46,0,5,0,0,,palaton01
427,Kyle Palmieri,31,NYI,RW,2,0,0,0,2,0,0.0,0,0,0,0,0,0,0,3,0.0,31,15:38,0,2,2,1,66.7,palmiky01
428,Artemi Panarin,31,NYR,LW,4,2,8,10,-1,2,0.8,2,0,0,1,3,5,0,10,20.0,77,19:09,1,3,0,0,,panarar01
429,Colton Parayko,29,STL,D,1,0,0,0,1,0,0.1,0,0,0,0,0,0,0,0,,24,24:01,0,1,0,0,,parayco01
430,Zach Parise,38,NYI,LW,2,0,1,1,1,0,0.1,0,0,0,0,1,0,0,6,0.0,30,15:08,2,0,0,1,0.0,parisza01
431,David Pastrnak,26,BOS,RW,3,2,3,5,1,2,0.5,2,0,0,0,2,1,0,19,10.5,58,19:19,0,0,1,2,33.3,pastrda01
432,Nick Paul,27,TBL,LW,3,0,0,0,-1,2,-0.1,0,0,0,0,0,0,0,5,0.0,58,19:20,3,4,15,18,45.5,paulni01
433,Joe Pavelski,38,DAL,C,3,1,2,3,4,0,0.4,1,0,0,0,2,0,0,7,14.3,44,14:34,2,4,12,12,50.0,paveljo01
434,Tanner Pearson,30,VAN,LW,3,0,2,2,-2,6,0.0,0,0,0,0,2,0,0,5,0.0,43,14:26,1,2,3,3,50.0,pearsta01
435,Andrew Peeke,24,CBJ,D,3,0,0,0,-3,0,-0.1,0,0,0,0,0,0,0,3,0.0,59,19:44,5,2,0,0,,peekean01
436,Adam Pelech,28,NYI,D,2,0,0,0,2,4,0.2,0,0,0,0,0,0,0,3,0.0,41,20:22,3,4,0,0,,pelecad01
437,Cole Perfetti,21,WPG,C,2,0,0,0,0,0,0.0,0,0,0,0,0,0,0,0,,31,15:30,2,1,0,0,,perfeco01
438,David Perron,34,DET,LW,3,3,1,4,1,2,0.5,2,1,0,1,1,0,0,10,30.0,47,15:38,2,4,0,0,,perroda01
439,Corey Perry,37,TBL,RW,3,1,1,2,-2,0,0.1,0,1,0,0,1,0,0,6,16.7,38,12:45,0,3,0,0,,perryco01
440,Brett Pesce,28,CAR,D,3,0,1,1,7,2,0.6,0,0,0,0,1,0,0,6,0.0,64,21:22,7,0,0,0,,pescebr01
441,John-Jason Peterka,21,BUF,RW,2,1,1,2,0,2,0.2,1,0,0,0,1,0,0,4,25.0,22,11:05,0,0,0,0,,peterjo01
442,Jeff Petry,35,PIT,D,3,0,1,1,2,8,0.2,0,0,0,0,1,0,0,6,0.0,66,22:08,9,9,0,0,,petryje01
443,Elias Pettersson,24,VAN,C,3,2,2,4,0,0,0.4,2,0,0,0,1,1,0,11,18.2,58,19:19,2,4,14,16,46.7,petteel01
444,Marcus Pettersson,26,PIT,D,3,0,2,2,1,4,0.2,0,0,0,0,2,0,0,4,0.0,56,18:50,3,12,0,0,,pettema01
445,Alex Pietrangelo,33,VEG,D,3,0,3,3,1,0,0.4,0,0,0,0,1,2,0,6,0.0,69,23:03,5,4,0,0,,pietral01
446,Shane Pinto,22,OTT,C,2,1,0,1,-4,0,0.0,0,1,0,0,0,0,0,5,20.0,29,14:20,0,3,8,9,47.1,pintosh01
447,Neal Pionk,27,WPG,D,2,0,0,0,-2,0,-0.1,0,0,0,0,0,0,0,6,0.0,45,22:21,3,3,0,0,,pionkne01
448,Rem Pitlick,25,MTL,C,2,0,0,0,-1,2,-0.1,0,0,0,0,0,0,0,0,,24,12:09,1,0,1,4,20.0,pitlire01
449,Vasily Podkolzin,21,VAN,RW,3,0,1,1,1,0,0.0,0,0,0,0,1,0,0,4,0.0,40,13:26,3,3,0,0,,podkova01
450,Ryan Poehling,24,PIT,C,3,0,0,0,0,0,-0.1,0,0,0,0,0,0,0,3,0.0,36,11:56,2,2,19,18,51.4,poehlry01
451,Brayden Point,26,TBL,C,3,1,1,2,-1,0,0.1,1,0,0,0,0,1,0,8,12.5,63,20:58,1,2,10,25,28.6,pointbr01
452,Tucker Poolman,29,VAN,D,2,0,0,0,0,0,0.0,0,0,0,0,0,0,0,2,0.0,24,11:46,1,2,0,0,,poolmtu01
453,Owen Power,20,BUF,D,2,0,0,0,2,0,0.1,0,0,0,0,0,0,0,0,,41,20:42,1,0,0,0,,powerow01
454,Aliaksei Protas,22,WSH,C,4,0,0,0,1,0,0.0,0,0,0,0,0,0,0,7,0.0,47,11:40,0,2,0,0,,protaal01
455,Ivan Provorov,26,PHI,D,2,0,3,3,5,0,0.6,0,0,0,0,3,0,0,9,0.0,46,22:52,11,9,0,0,,provoiv01
456,Jesse Puljujarvi,24,EDM,RW,2,0,0,0,-2,2,-0.1,0,0,0,0,0,0,0,3,0.0,25,12:16,2,8,0,0,,puljuje01
457,Ryan Pulock,28,NYI,D,2,0,1,1,3,0,0.3,0,0,0,0,1,0,0,7,0.0,37,18:36,5,4,0,0,,pulocry01
458,Jack Quinn,21,BUF,RW,2,0,0,0,1,0,0.0,0,0,0,0,0,0,0,0,,21,10:29,0,3,1,0,100.0,quinnja01
459,Taylor Raddysh,24,CHI,RW,3,1,1,2,2,0,0.3,1,0,0,0,1,0,0,5,20.0,44,14:41,1,3,0,0,,raddyta01
460,Rickard Rakell,29,PIT,RW,3,1,0,1,4,0,0.2,1,0,0,0,0,0,0,12,8.3,53,17:42,4,3,2,0,100.0,rakelri01
461,Mikko Rantanen,26,COL,RW,3,1,5,6,1,2,0.5,1,0,0,0,0,5,0,7,14.3,61,20:22,0,1,6,11,35.3,rantami01
462,Michael Rasmussen,23,DET,C,3,1,2,3,1,2,0.3,1,0,0,0,2,0,0,5,20.0,41,13:42,6,10,16,19,45.7,rasmumi01
463,Lucas Raymond,20,DET,LW,3,0,2,2,4,6,0.2,0,0,0,0,2,0,0,8,0.0,62,20:36,0,1,0,0,,raymolu01
464,Ryan Reaves,36,NYR,RW,4,0,0,0,-1,5,-0.1,0,0,0,0,0,0,0,0,,30,7:37,4,13,0,1,0.0,reavery01
465,Pavol Regenda,23,ANA,F,3,0,2,2,0,0,0.1,0,0,0,0,2,0,0,3,0.0,32,10:50,2,2,1,1,50.0,regenpa01
466,Alec Regula,22,CHI,D,1,0,0,0,0,2,0.0,0,0,0,0,0,0,0,0,,17,17:15,2,1,0,0,,regulal01
467,Mike Reilly,29,BOS,D,3,0,1,1,1,0,0.1,0,0,0,0,1,0,0,3,0.0,54,18:03,5,5,0,0,,reillmi01
468,Sam Reinhart,27,FLA,C,3,0,1,1,-2,0,-0.1,0,0,0,0,0,1,0,10,0.0,65,21:35,2,0,1,2,33.3,reinhsa01
469,Dan Renouf,28,BOS,D,1,0,0,0,-3,0,-0.2,0,0,0,0,0,0,0,5,0.0,12,11:34,2,1,0,0,,renouda01
470,Morgan Rielly,28,TOR,D,4,0,4,4,-5,0,0.2,0,0,0,0,2,2,0,8,0.0,91,22:38,2,4,0,0,,riellmo01
471,Brett Ritchie,29,CGY,RW,2,1,0,1,2,2,0.2,1,0,0,0,0,0,0,2,50.0,20,9:56,0,4,0,0,,ritchbr01
472,Nick Ritchie,27,ARI,LW,3,3,1,4,-1,8,0.5,0,3,0,0,0,1,0,7,42.9,46,15:30,0,5,0,1,0.0,ritchni01
473,Jason Robertson,23,DAL,LW,3,1,4,5,4,0,0.6,1,0,0,0,3,1,0,13,7.7,48,15:52,0,3,0,0,,roberja01
474,Buddy Robinson,31,CHI,RW,1,0,0,0,-1,0,0.0,0,0,0,0,0,0,0,0,,11,11:03,0,3,0,0,,robinbu01
475,Eric Robinson,27,CBJ,LW,3,0,1,1,-1,0,0.0,0,0,0,0,1,0,0,4,0.0,40,13:12,2,8,0,2,0.0,robiner01
476,Evan Rodrigues,29,COL,C,3,0,0,0,-3,6,-0.2,0,0,0,0,0,0,0,8,0.0,47,15:37,0,4,7,1,87.5,rodriev01
477,Alexander Romanov,23,NYI,D,2,0,0,0,0,2,0.0,0,0,0,0,0,0,0,2,0.0,42,20:46,14,6,0,0,,romanal01
478,Kevin Rooney,29,CGY,C,2,0,1,1,2,0,0.1,0,0,0,0,1,0,0,1,0.0,19,9:37,0,8,7,5,58.3,rooneke01
479,Filip Roos,24,CHI,D,3,0,0,0,1,0,0.1,0,0,0,0,0,0,0,2,0.0,49,16:15,3,5,0,0,,roosfi01
480,Jack Roslovic,26,CBJ,C,3,0,0,0,-3,0,-0.1,0,0,0,0,0,0,0,5,0.0,45,14:53,0,3,17,15,53.1,rosloja01
481,Marco Rossi,21,MIN,C,2,0,0,0,-1,2,-0.1,0,0,0,0,0,0,0,0,,15,7:29,0,0,5,3,62.5,rossima01
482,Matt Roy,27,LAK,D,4,1,1,2,-2,0,0.1,1,0,0,0,1,0,0,6,16.7,80,19:58,13,8,0,0,,royma04
483,Nicolas Roy,25,VEG,C,3,0,2,2,0,0,0.1,0,0,0,0,0,2,0,5,0.0,47,15:46,2,3,22,20,52.4,royni01
484,Bryan Rust,30,PIT,RW,3,2,3,5,3,0,0.5,1,1,0,0,2,1,0,11,18.2,49,16:27,1,4,0,0,,rustbr01
485,Jan Rutta,32,PIT,D,3,0,0,0,3,2,0.2,0,0,0,0,0,0,0,2,0.0,48,16:09,2,2,0,0,,ruttaja02
486,Derek Ryan,36,EDM,C,2,0,0,0,-1,0,-0.1,0,0,0,0,0,0,0,1,0.0,19,9:30,0,2,5,6,45.5,ryande01
487,Brandon Saad,30,STL,LW,1,0,0,0,-1,0,-0.1,0,0,0,0,0,0,0,2,0.0,14,14:23,0,0,0,0,,saadbr01
488,Robin Salo,24,NYI,D,2,2,0,2,2,4,0.5,2,0,0,0,0,0,0,4,50.0,29,14:17,2,0,0,0,,saloro01
489,Mattias Samuelsson,22,BUF,D,2,0,0,0,-1,2,-0.1,0,0,0,0,0,0,0,4,0.0,40,19:48,5,0,0,0,,samuema02
490,Jake Sanderson,20,OTT,D,2,0,1,1,-1,0,0.1,0,0,0,0,0,1,0,2,0.0,43,21:31,2,5,0,0,,sandeja01
491,Rasmus Sandin,22,TOR,D,4,0,1,1,2,2,0.3,0,0,0,0,1,0,0,3,0.0,59,14:43,3,10,0,0,,sandira01
492,Zach Sanford,28,NSH,LW,1,0,0,0,0,0,0.0,0,0,0,0,0,0,0,2,0.0,9,9:28,0,1,0,0,,sanfoza01
493,Travis Sanheim,26,PHI,D,2,0,0,0,1,0,0.1,0,0,0,0,0,0,0,2,0.0,41,20:29,5,2,0,0,,sanhetr01
494,David Savard,32,MTL,D,4,0,1,1,-3,0,0.1,0,0,0,0,1,0,0,3,0.0,93,23:14,23,4,0,0,,savarda01
495,Mark Scheifele,29,WPG,C,2,3,0,3,0,0,0.4,2,1,0,0,0,0,0,9,33.3,41,20:22,3,4,20,16,55.6,scheima01
496,Brayden Schenn,31,STL,C,1,0,2,2,2,0,0.2,0,0,0,0,2,0,0,1,0.0,15,14:53,1,1,2,7,22.2,schenbr01
497,Luke Schenn,33,VAN,D,3,0,1,1,3,2,0.2,0,0,0,0,1,0,0,6,0.0,58,19:10,7,16,0,0,,schenlu01
498,Nick Schmaltz,26,ARI,C,1,0,0,0,-1,0,0.0,0,0,0,0,0,0,0,0,,2,2:26,0,0,0,0,,schmani01
499,Nate Schmidt,31,WPG,D,2,0,0,0,0,0,0.1,0,0,0,0,0,0,0,1,0.0,37,18:31,0,0,0,0,,schmina01
500,Braden Schneider,21,NYR,D,4,0,0,0,0,0,0.0,0,0,0,0,0,0,0,2,0.0,56,13:59,3,4,0,0,,schnebr01
501,Justin Schultz,32,SEA,D,4,1,2,3,-1,2,0.4,1,0,0,0,0,2,0,8,12.5,76,18:58,4,2,0,0,,schulju01
502,Jaden Schwartz,30,SEA,C,4,2,1,3,0,0,0.3,0,2,0,0,1,0,0,13,15.4,70,17:28,1,8,5,4,55.6,schwaja01
503,Lukas Sedlak,29,COL,C,3,0,0,0,1,0,0.0,0,0,0,0,0,0,0,1,0.0,23,7:42,4,5,4,10,28.6,sedlalu01
504,Nick Seeler,29,PHI,D,2,0,0,0,-2,0,-0.1,0,0,0,0,0,0,0,1,0.0,27,13:27,3,5,0,0,,seeleni01
505,Tyler Seguin,31,DAL,C,3,1,3,4,2,0,0.4,1,0,0,0,1,2,0,7,14.3,50,16:49,1,5,14,24,36.8,seguity01
506,Moritz Seider,21,DET,D,3,0,0,0,2,0,0.2,0,0,0,0,0,0,0,11,0.0,66,21:53,5,7,0,0,,seidemo01
507,Mikhail Sergachev,24,TBL,D,3,0,2,2,-2,4,0.1,0,0,0,0,1,1,0,6,0.0,70,23:17,10,1,0,0,,sergami01
508,Damon Severson,28,NJD,D,2,1,0,1,-4,0,0.0,1,0,0,0,0,0,0,3,33.3,43,21:27,3,1,0,0,,severda01
509,Yegor Sharangovich,24,NJD,C,2,0,0,0,0,0,0.0,0,0,0,0,0,0,0,4,0.0,28,13:45,2,0,0,0,,sharaye01
510,Kevin Shattenkirk,34,ANA,D,3,0,1,1,-2,2,-0.1,0,0,0,0,1,0,0,1,0.0,52,17:10,6,3,0,0,,shattke01
511,Mason Shaw,24,MIN,C,1,0,0,0,0,0,0.0,0,0,0,0,0,0,0,2,0.0,6,5:46,0,0,0,1,0.0,shawma01
512,Conor Sheary,30,WSH,LW,4,3,0,3,2,4,0.5,3,0,0,1,0,0,0,10,30.0,51,12:52,1,4,3,2,60.0,shearco01
513,Kiefer Sherwood,27,NSH,RW,3,1,1,2,2,2,0.3,1,0,0,0,1,0,0,2,50.0,30,10:09,0,4,0,0,,sherwki01
514,Devin Shore,28,EDM,C,1,0,0,0,0,0,0.0,0,0,0,0,0,0,0,1,0.0,7,7:04,1,2,0,0,,shorede01
515,Jonas Siegenthaler,25,NJD,D,2,0,1,1,0,0,0.2,0,0,0,0,1,0,0,2,0.0,41,20:25,2,2,0,0,,siegejo01
516,Jakob Silfverberg,32,ANA,LW,2,0,0,0,-1,0,-0.1,0,0,0,0,0,0,0,1,0.0,25,12:30,1,0,1,2,33.3,silfvja01
517,Cole Sillinger,19,CBJ,C,3,0,0,0,-3,6,-0.1,0,0,0,0,0,0,0,2,0.0,41,13:49,1,4,13,16,44.8,sillico01
518,Radim Simek,30,SJS,D,4,0,0,0,-3,4,0.0,0,0,0,0,0,0,0,3,0.0,59,14:43,3,7,0,0,,simekra01
519,Colton Sissons,29,NSH,C,4,0,0,0,-1,0,-0.1,0,0,0,0,0,0,0,3,0.0,61,15:09,3,12,32,35,47.8,sissoco01
520,Jeff Skinner,30,BUF,LW,2,0,0,0,0,0,-0.1,0,0,0,0,0,0,0,7,0.0,33,16:43,0,0,3,2,60.0,skinnje01
521,Brady Skjei,28,CAR,D,3,1,1,2,6,0,0.7,1,0,0,1,1,0,0,8,12.5,64,21:24,1,5,0,0,,skjeibr01
522,Juraj Slafkovsky,18,MTL,LW,4,0,0,0,-1,0,-0.1,0,0,0,0,0,0,0,1,0.0,43,10:41,1,8,0,1,0.0,slafkju01
523,Jaccob Slavin,28,CAR,D,3,0,1,1,1,0,0.2,0,0,0,0,1,0,0,2,0.0,68,22:42,3,1,0,0,,slavija01
524,Brendan Smith,33,NJD,D,2,0,0,0,-3,2,-0.1,0,0,0,0,0,0,0,2,0.0,27,13:22,3,5,0,0,,smithbr05
525,Cole Smith,27,NSH,F,4,0,1,1,1,0,0.1,0,0,0,0,1,0,0,3,0.0,44,10:55,1,5,0,2,0.0,smithco02
526,Craig Smith,33,BOS,C,3,0,1,1,-1,0,0.0,0,0,0,0,0,1,0,2,0.0,33,11:10,1,5,0,0,,smithcr01
527,Reilly Smith,31,VEG,RW,3,1,1,2,3,0,0.3,0,1,0,1,1,0,0,14,7.1,48,16:01,0,1,0,1,0.0,smithre01
528,Elmer Soderblom,21,DET,RW,3,1,0,1,-1,4,0.0,1,0,0,1,0,0,0,9,11.1,41,13:39,2,1,0,0,,soderel01
529,Nikita Soshnikov,29,NYI,RW,1,0,0,0,-1,0,0.0,0,0,0,0,0,0,0,2,0.0,11,11:06,0,3,0,0,,soshnni01
530,Carson Soucy,28,SEA,D,4,0,1,1,2,6,0.3,0,0,0,0,1,0,0,3,0.0,61,15:15,2,15,0,0,,soucyca01
531,Daniel Sprong,25,SEA,RW,1,0,0,0,0,0,0.0,0,0,0,0,0,0,0,0,,14,13:43,0,0,0,0,,spronda01
532,Jared Spurgeon,33,MIN,D,3,0,1,1,-2,0,0.0,0,0,0,0,1,0,0,5,0.0,62,20:46,5,3,0,0,,spurgja01
533,Jordan Staal,34,CAR,C,3,0,0,0,-1,0,-0.1,0,0,0,0,0,0,0,6,0.0,44,14:43,0,4,25,23,52.1,staaljo01
534,Marc Staal,36,FLA,D,3,0,0,0,-2,2,-0.1,0,0,0,0,0,0,0,0,,54,18:00,6,7,0,0,,staalma01
535,Steven Stamkos,32,TBL,C,3,4,1,5,1,4,0.7,2,2,0,0,1,0,0,16,25.0,62,20:43,3,3,10,20,33.3,stamkst01
536,Logan Stanley,24,WPG,D,2,0,0,0,-1,4,0.0,0,0,0,0,0,0,0,0,,29,14:34,1,5,0,0,,stanllo01
537,Paul Stastny,37,CAR,C,3,0,1,1,0,2,0.0,0,0,0,0,1,0,0,2,0.0,46,15:26,0,4,3,0,100.0,stastpa01
538,Troy Stecher,28,ARI,D,3,0,0,0,-4,4,-0.2,0,0,0,0,0,0,0,6,0.0,68,22:33,6,3,0,0,,stechtr01
539,Sam Steel,24,MIN,C,3,1,0,1,1,0,0.1,1,0,0,0,0,0,0,4,25.0,39,13:04,0,2,10,14,41.7,steelsa01
540,Derek Stepan,32,CAR,C,3,0,1,1,2,0,0.1,0,0,0,0,1,0,0,10,0.0,28,9:28,0,1,18,12,60.0,stepade01
541,Chandler Stephenson,28,VEG,C,3,0,3,3,0,0,0.2,0,0,0,0,3,0,0,5,0.0,53,17:41,1,2,32,22,59.3,stephch02
542,Riley Stillman,24,VAN,D,3,0,0,0,0,2,0.0,0,0,0,0,0,0,0,4,0.0,44,14:34,3,9,0,0,,stillri01
543,Mark Stone,30,VEG,RW,3,1,1,2,1,0,0.2,1,0,0,1,0,1,0,8,12.5,57,18:50,3,0,0,0,,stonema01
544,Michael Stone,32,CGY,D,2,1,2,3,2,0,0.5,1,0,0,0,1,1,0,4,25.0,24,11:52,5,2,0,0,,stonemi01
545,Dylan Strome,25,WSH,C,4,1,3,4,-3,0,0.2,0,1,0,0,1,2,0,6,16.7,74,18:26,3,1,26,29,47.3,stromdy01
546,Ryan Strome,29,ANA,C,3,1,2,3,0,2,0.2,0,1,0,0,2,0,0,5,20.0,54,18:04,1,2,34,28,54.8,stromry01
547,Nico Sturm,27,SJS,C,4,1,0,1,-1,0,0.1,1,0,0,0,0,0,0,2,50.0,49,12:09,3,4,17,11,60.7,sturmni01
548,Tim St√ºtzle,21,OTT,LW,2,0,0,0,0,2,0.0,0,0,0,0,0,0,0,4,0.0,39,19:42,1,3,8,5,61.5,stuetti02
549,Oskar Sundqvist,28,DET,C,3,1,3,4,0,4,0.3,1,0,0,0,2,1,0,2,50.0,47,15:34,2,5,4,2,66.7,sundqos01
550,Pius Suter,26,DET,F,2,0,1,1,-1,0,0.0,0,0,0,0,1,0,0,0,,19,9:31,0,2,4,4,50.0,suterpi01
551,Ryan Suter,38,DAL,D,3,0,2,2,1,2,0.3,0,0,0,0,1,1,0,1,0.0,67,22:16,2,1,0,0,,suterry01
552,Nick Suzuki,23,MTL,C,4,2,3,5,1,2,0.6,2,0,0,0,2,1,0,13,15.4,84,20:59,5,5,26,22,54.2,suzukni01
553,Andrei Svechnikov,22,CAR,RW,3,3,2,5,3,0,0.7,2,1,0,0,1,1,0,11,27.3,51,16:53,1,3,0,0,,svechan01
554,Evgeny Svechnikov,26,SJS,LW,3,1,0,1,-1,0,0.1,1,0,0,0,0,0,0,2,50.0,25,8:13,0,2,0,0,,svechev01
555,Brandon Tanev,31,SEA,LW,4,1,0,1,0,2,0.1,1,0,0,1,0,0,0,6,16.7,60,14:57,4,15,2,1,66.7,tanevbr01
556,Chris Tanev,33,CGY,D,2,0,0,0,-1,0,-0.1,0,0,0,0,0,0,0,2,0.0,44,21:47,3,2,0,0,,tanevch01
557,Vladimir Tarasenko,31,STL,RW,1,2,0,2,2,0,0.4,2,0,0,0,0,0,0,4,50.0,16,16:11,0,1,0,0,,tarasvl01
558,Tomas Tatar,32,NJD,LW,2,0,0,0,-2,4,-0.1,0,0,0,0,0,0,0,3,0.0,31,15:33,2,2,2,1,66.7,tatarto01
559,John Tavares,32,TOR,C,4,1,4,5,0,0,0.4,0,1,0,0,2,2,0,12,8.3,69,17:10,2,7,38,27,58.5,tavarjo01
560,Teuvo Teravainen,28,CAR,F,3,0,1,1,3,2,0.1,0,0,0,0,1,0,0,7,0.0,50,16:48,0,0,0,0,,teravte01
561,Troy Terry,25,ANA,C,3,3,3,6,2,2,0.7,3,0,0,1,2,1,0,10,30.0,55,18:13,1,0,0,0,,terrytr01
562,Shea Theodore,27,VEG,D,3,1,1,2,5,0,0.7,1,0,0,0,1,0,0,4,25.0,65,21:32,1,0,0,0,,theodsh01
563,Robert Thomas,23,STL,C,1,0,1,1,2,0,0.1,0,0,0,0,1,0,0,1,0.0,19,19:12,1,0,9,12,42.9,thomaro01
564,Tage Thompson,25,BUF,C,2,0,0,0,0,0,-0.1,0,0,0,0,0,0,0,4,0.0,36,17:55,1,0,10,13,43.5,thompta01
565,Conor Timmins,24,ARI,D,2,0,0,0,-2,0,-0.1,0,0,0,0,0,0,0,3,0.0,17,8:34,0,0,0,0,,timmico01
566,Jarred Tinordi,30,CHI,D,3,0,0,0,1,2,0.1,0,0,0,0,0,0,0,4,0.0,53,17:47,5,13,0,0,,tinorja01
567,Owen Tippett,23,PHI,RW,1,0,0,0,0,2,0.0,0,0,0,0,0,0,0,0,,4,4:20,1,1,1,0,100.0,tippeow01
568,Brady Tkachuk,23,OTT,LW,2,1,0,1,-2,0,0.1,1,0,0,0,0,0,0,7,14.3,36,17:58,0,7,9,7,56.3,tkachbr01
569,Matthew Tkachuk,25,FLA,LW,3,2,2,4,-2,8,0.4,2,0,0,0,1,1,0,14,14.3,65,21:33,1,2,2,2,50.0,tkachma01
570,Devon Toews,28,COL,D,3,0,2,2,2,0,0.2,0,0,0,0,2,0,0,2,0.0,67,22:14,11,1,0,0,,toewsde01
571,Jonathan Toews,34,CHI,C,3,2,0,2,1,4,0.3,1,1,0,0,0,0,0,7,28.6,46,15:25,3,0,25,19,56.8,toewsjo01
572,Tyler Toffoli,30,CGY,C,2,1,0,1,-2,0,0.1,0,1,0,1,0,0,0,3,33.3,33,16:25,1,2,0,0,,toffoty01
573,Eeli Tolvanen,23,NSH,RW,4,1,2,3,2,2,0.3,1,0,0,1,2,0,0,6,16.7,58,14:33,9,5,1,2,33.3,tolvaee01
574,Alexey Toropchenko,23,STL,RW,1,0,0,0,-1,0,-0.1,0,0,0,0,0,0,0,1,0.0,12,11:33,1,5,0,0,,toropal01
575,Yakov Trenin,26,NSH,C,4,0,0,0,-1,4,-0.1,0,0,0,0,0,0,0,5,0.0,61,15:08,2,9,1,1,50.0,treniya01
576,Vincent Trocheck,29,NYR,C,4,2,3,5,-1,2,0.4,1,1,0,0,2,1,0,17,11.8,81,20:19,2,3,34,30,53.1,trochvi01
577,Jacob Trouba,28,NYR,D,4,0,2,2,6,2,0.6,0,0,0,0,1,0,1,16,0.0,88,22:01,9,13,0,0,,troubja01
578,Alex Tuch,26,BUF,RW,2,1,1,2,3,0,0.3,1,0,0,0,1,0,0,6,16.7,38,19:00,1,1,0,1,0.0,tuchal01
579,Juuso Valimaki,24,ARI,D,1,0,0,0,1,0,0.1,0,0,0,0,0,0,0,0,,14,13:47,0,0,0,0,,valimju01
580,James van Riemsdyk,33,PHI,LW,2,0,3,3,2,4,0.3,0,0,0,0,2,1,0,3,0.0,35,17:25,1,1,0,0,,vanrija01
581,Trevor van Riemsdyk,31,WSH,D,4,0,2,2,1,0,0.3,0,0,0,0,2,0,0,2,0.0,62,15:32,8,3,0,0,,vanritr01
582,Frank Vatrano,28,ANA,LW,3,2,0,2,-1,2,0.2,2,0,0,0,0,0,0,6,33.3,50,16:50,4,0,0,1,0.0,vatrafr01
583,Joe Veleno,23,DET,C,2,0,0,0,0,0,0.0,0,0,0,0,0,0,0,1,0.0,20,10:13,1,6,2,13,13.3,velenjo01
584,Carter Verhaeghe,27,FLA,C,3,0,0,0,-2,0,-0.1,0,0,0,0,0,0,0,5,0.0,51,17:06,0,0,0,0,,verhaca01
585,Jimmy Vesey,29,NYR,LW,4,0,0,0,1,0,-0.1,0,0,0,0,0,0,0,3,0.0,51,12:46,3,5,0,3,0.0,veseyji02
586,Gabriel Vilardi,23,LAK,C,4,3,2,5,3,2,0.6,3,0,0,0,2,0,0,10,30.0,66,16:25,2,1,4,8,33.3,vilarga01
587,Marc-Edouard Vlasic,35,SJS,D,4,0,0,0,-1,0,0.2,0,0,0,0,0,0,0,5,0.0,76,18:57,4,1,0,0,,vlasima01
588,Jakub Voracek,33,CBJ,RW,3,0,0,0,-6,0,-0.2,0,0,0,0,0,0,0,6,0.0,48,16:00,3,0,0,0,,voracja01
589,Jakub Vrana,26,DET,LW,2,1,1,2,1,0,0.2,1,0,0,0,1,0,0,5,20.0,23,11:36,0,2,0,1,0.0,vranaja01
590,Oliver Wahlstrom,22,NYI,RW,1,1,1,2,2,0,0.3,1,0,0,0,1,0,0,2,50.0,10,9:44,0,2,0,0,,wahlsol01
591,Nathan Walker,28,STL,C,1,0,0,0,0,0,0.0,0,0,0,0,0,0,0,0,,12,11:38,1,1,0,1,0.0,walkena01
592,Sean Walker,28,LAK,D,3,0,0,0,2,0,0.1,0,0,0,0,0,0,0,4,0.0,40,13:17,2,3,0,0,,walkese01
593,Austin Watson,31,OTT,LW,2,0,0,0,0,0,0.0,0,0,0,0,0,0,0,3,0.0,18,9:09,0,5,0,0,,watsoau01
594,MacKenzie Weegar,29,CGY,D,2,0,2,2,0,0,0.2,0,0,0,0,2,0,0,3,0.0,42,21:09,3,7,0,0,,weegama01
595,Alexander Wennberg,28,SEA,C,4,1,0,1,0,2,0.1,1,0,0,0,0,0,0,5,20.0,80,20:07,5,0,22,37,37.3,wennbal01
596,Zach Werenski,25,CBJ,D,3,0,1,1,-2,0,0.1,0,0,0,0,1,0,0,10,0.0,73,24:18,6,2,0,0,,werenza01
597,Blake Wheeler,36,WPG,RW,2,0,1,1,1,0,0.1,0,0,0,0,1,0,0,5,0.0,31,15:37,1,0,2,2,50.0,wheelbl01
598,Colin White,26,FLA,C,3,2,2,4,4,0,0.6,2,0,0,0,2,0,0,6,33.3,35,11:49,1,1,1,2,33.3,whiteco02
599,Colton White,25,ANA,D,1,0,0,0,-1,0,-0.1,0,0,0,0,0,0,0,1,0.0,14,13:38,1,1,0,0,,whiteco03
600,Zach Whitecloud,26,VEG,D,3,0,1,1,-3,2,0.0,0,0,0,0,1,0,0,3,0.0,48,15:59,5,5,0,0,,whiteza01
601,Chris Wideman,33,MTL,D,4,0,0,0,-1,2,0.1,0,0,0,0,0,0,0,6,0.0,67,16:43,4,0,0,0,,widemch01
602,Miles Wood,27,NJD,LW,2,1,0,1,1,4,0.2,1,0,0,0,0,0,0,4,25.0,23,11:43,0,3,0,0,,woodmi01
603,Shane Wright,19,SEA,C,2,0,0,0,0,0,0.0,0,0,0,0,0,0,0,1,0.0,13,6:32,1,0,1,2,33.3,wrighsh01
604,Arber Xhekaj,22,MTL,D,4,0,1,1,0,8,0.2,0,0,0,0,1,0,0,5,0.0,58,14:28,8,16,0,0,,xhekaar01
605,Kailer Yamamoto,24,EDM,RW,1,0,1,1,2,0,0.1,0,0,0,0,1,0,0,1,0.0,15,14:35,1,1,0,0,,yamamka01
606,Pavel Zacha,25,BOS,C,3,1,2,3,-1,0,0.2,0,1,0,0,2,0,0,9,11.1,44,14:37,2,1,4,1,80.0,zachapa01
607,Filip Zadina,23,DET,RW,1,0,0,0,0,0,0.0,0,0,0,0,0,0,0,0,,14,14:25,1,1,0,0,,zadinfi01
608,Nikita Zadorov,27,CGY,D,2,0,0,0,3,2,0.2,0,0,0,0,0,0,0,3,0.0,33,16:43,1,7,0,0,,zadorni01
609,Nikita Zaitsev,31,OTT,D,1,0,0,0,0,0,0.0,0,0,0,0,0,0,0,0,,12,12:12,0,6,0,0,,zaitsni01
610,Yegor Zamula,22,PHI,D,2,0,0,0,-2,0,-0.1,0,0,0,0,0,0,0,0,,28,14:04,0,1,0,0,,zamulye01
611,Jakub Zboril,25,BOS,D,3,0,0,0,1,0,0.0,0,0,0,0,0,0,0,3,0.0,45,15:06,3,1,0,0,,zborija01
612,Trevor Zegras,21,ANA,C,3,2,1,3,-2,0,0.2,1,1,0,0,0,1,0,6,33.3,52,17:26,1,3,12,20,37.5,zegratr01
613,Fabian Zetterlund,23,NJD,W,1,0,1,1,1,0,0.1,0,0,0,0,1,0,0,1,0.0,10,9:40,0,1,0,0,,zettefa01
614,Mika Zibanejad,29,NYR,C,4,4,4,8,2,0,0.9,0,3,1,1,2,2,0,24,16.7,84,20:59,2,2,36,33,52.2,zibanmi01
615,Artem Zub,27,OTT,D,2,0,0,0,-2,0,0.0,0,0,0,0,0,0,0,0,,36,17:51,2,4,0,0,,zubar01
616,Mats Zuccarello,35,MIN,LW,3,2,3,5,-7,2,0.3,0,2,0,0,0,3,0,12,16.7,64,21:10,1,4,3,3,50.0,zuccama01
617,Jason Zucker,31,PIT,LW,3,1,2,3,4,0,0.3,1,0,0,0,1,1,0,9,11.1,46,15:27,2,8,0,0,,zuckeja01